#
# TABLE STRUCTURE FOR: communities
#

DROP TABLE IF EXISTS `communities`;

CREATE TABLE `communities` (
  `id` int(10) unsigned NOT NULL AUTO_INCREMENT,
  `name` varchar(150) COLLATE utf8_unicode_ci NOT NULL,
  `created_at` datetime DEFAULT current_timestamp(),
  PRIMARY KEY (`id`),
  UNIQUE KEY `name` (`name`)
) ENGINE=InnoDB AUTO_INCREMENT=101 DEFAULT CHARSET=utf8 COLLATE=utf8_unicode_ci;

INSERT INTO `communities` (`id`, `name`, `created_at`) VALUES (1, 'aut', '2013-09-07 03:25:55');
INSERT INTO `communities` (`id`, `name`, `created_at`) VALUES (2, 'consectetur', '2012-09-29 20:28:59');
INSERT INTO `communities` (`id`, `name`, `created_at`) VALUES (3, 'explicabo', '2015-11-18 03:01:36');
INSERT INTO `communities` (`id`, `name`, `created_at`) VALUES (4, 'sed', '2018-04-08 18:03:03');
INSERT INTO `communities` (`id`, `name`, `created_at`) VALUES (5, 'voluptatem', '2015-01-03 10:33:03');
INSERT INTO `communities` (`id`, `name`, `created_at`) VALUES (6, 'voluptas', '2015-01-31 14:05:24');
INSERT INTO `communities` (`id`, `name`, `created_at`) VALUES (7, 'debitis', '2012-05-30 07:18:36');
INSERT INTO `communities` (`id`, `name`, `created_at`) VALUES (8, 'quo', '2011-01-02 20:58:00');
INSERT INTO `communities` (`id`, `name`, `created_at`) VALUES (9, 'recusandae', '2013-10-11 15:16:56');
INSERT INTO `communities` (`id`, `name`, `created_at`) VALUES (10, 'id', '2013-10-19 01:02:17');
INSERT INTO `communities` (`id`, `name`, `created_at`) VALUES (11, 'adipisci', '2018-12-02 05:58:22');
INSERT INTO `communities` (`id`, `name`, `created_at`) VALUES (12, 'ab', '2013-04-18 04:27:10');
INSERT INTO `communities` (`id`, `name`, `created_at`) VALUES (13, 'necessitatibus', '2016-12-23 01:40:26');
INSERT INTO `communities` (`id`, `name`, `created_at`) VALUES (14, 'ut', '2011-01-30 19:55:36');
INSERT INTO `communities` (`id`, `name`, `created_at`) VALUES (15, 'dolores', '2013-04-18 13:37:34');
INSERT INTO `communities` (`id`, `name`, `created_at`) VALUES (16, 'et', '2012-02-09 01:36:31');
INSERT INTO `communities` (`id`, `name`, `created_at`) VALUES (17, 'animi', '2014-06-27 06:42:02');
INSERT INTO `communities` (`id`, `name`, `created_at`) VALUES (18, 'quam', '2017-04-24 16:43:44');
INSERT INTO `communities` (`id`, `name`, `created_at`) VALUES (19, 'aliquam', '2019-09-05 20:31:57');
INSERT INTO `communities` (`id`, `name`, `created_at`) VALUES (20, 'quia', '2012-10-05 05:45:17');
INSERT INTO `communities` (`id`, `name`, `created_at`) VALUES (21, 'ipsa', '2014-06-08 05:02:23');
INSERT INTO `communities` (`id`, `name`, `created_at`) VALUES (22, 'non', '2018-09-28 14:31:43');
INSERT INTO `communities` (`id`, `name`, `created_at`) VALUES (23, 'at', '2011-07-29 07:36:07');
INSERT INTO `communities` (`id`, `name`, `created_at`) VALUES (24, 'sit', '2012-12-17 05:45:52');
INSERT INTO `communities` (`id`, `name`, `created_at`) VALUES (25, 'libero', '2010-11-28 12:09:11');
INSERT INTO `communities` (`id`, `name`, `created_at`) VALUES (26, 'deserunt', '2013-12-25 23:43:47');
INSERT INTO `communities` (`id`, `name`, `created_at`) VALUES (27, 'ea', '2016-06-15 05:17:03');
INSERT INTO `communities` (`id`, `name`, `created_at`) VALUES (28, 'facere', '2019-09-14 02:45:20');
INSERT INTO `communities` (`id`, `name`, `created_at`) VALUES (29, 'reprehenderit', '2014-07-20 03:06:07');
INSERT INTO `communities` (`id`, `name`, `created_at`) VALUES (30, 'iste', '2011-12-28 12:12:53');
INSERT INTO `communities` (`id`, `name`, `created_at`) VALUES (31, 'dolorum', '2020-01-23 06:12:03');
INSERT INTO `communities` (`id`, `name`, `created_at`) VALUES (32, 'tenetur', '2017-03-10 16:44:47');
INSERT INTO `communities` (`id`, `name`, `created_at`) VALUES (33, 'maxime', '2010-07-17 08:07:29');
INSERT INTO `communities` (`id`, `name`, `created_at`) VALUES (34, 'facilis', '2012-04-01 15:24:02');
INSERT INTO `communities` (`id`, `name`, `created_at`) VALUES (35, 'doloremque', '2018-06-01 02:02:49');
INSERT INTO `communities` (`id`, `name`, `created_at`) VALUES (36, 'quaerat', '2012-04-22 22:46:23');
INSERT INTO `communities` (`id`, `name`, `created_at`) VALUES (37, 'est', '2016-10-25 16:25:34');
INSERT INTO `communities` (`id`, `name`, `created_at`) VALUES (38, 'a', '2014-01-31 02:56:36');
INSERT INTO `communities` (`id`, `name`, `created_at`) VALUES (39, 'veritatis', '2013-10-06 21:31:21');
INSERT INTO `communities` (`id`, `name`, `created_at`) VALUES (40, 'ullam', '2018-09-04 20:48:36');
INSERT INTO `communities` (`id`, `name`, `created_at`) VALUES (41, 'aliquid', '2014-07-17 22:49:09');
INSERT INTO `communities` (`id`, `name`, `created_at`) VALUES (42, 'maiores', '2016-02-29 05:20:39');
INSERT INTO `communities` (`id`, `name`, `created_at`) VALUES (43, 'culpa', '2019-06-17 15:16:06');
INSERT INTO `communities` (`id`, `name`, `created_at`) VALUES (44, 'dolorem', '2010-09-24 13:43:14');
INSERT INTO `communities` (`id`, `name`, `created_at`) VALUES (45, 'tempora', '2011-10-09 09:59:09');
INSERT INTO `communities` (`id`, `name`, `created_at`) VALUES (46, 'voluptatum', '2019-04-08 05:19:55');
INSERT INTO `communities` (`id`, `name`, `created_at`) VALUES (47, 'fugiat', '2012-01-15 08:24:46');
INSERT INTO `communities` (`id`, `name`, `created_at`) VALUES (48, 'assumenda', '2014-07-21 15:37:50');
INSERT INTO `communities` (`id`, `name`, `created_at`) VALUES (49, 'numquam', '2012-06-07 04:40:51');
INSERT INTO `communities` (`id`, `name`, `created_at`) VALUES (50, 'iure', '2011-02-03 10:10:39');
INSERT INTO `communities` (`id`, `name`, `created_at`) VALUES (51, 'in', '2012-10-02 23:05:11');
INSERT INTO `communities` (`id`, `name`, `created_at`) VALUES (52, 'accusantium', '2013-08-10 23:01:41');
INSERT INTO `communities` (`id`, `name`, `created_at`) VALUES (53, 'voluptatibus', '2015-06-07 10:20:17');
INSERT INTO `communities` (`id`, `name`, `created_at`) VALUES (54, 'accusamus', '2015-09-07 04:08:51');
INSERT INTO `communities` (`id`, `name`, `created_at`) VALUES (55, 'impedit', '2013-01-08 21:52:08');
INSERT INTO `communities` (`id`, `name`, `created_at`) VALUES (56, 'dicta', '2010-12-20 05:01:56');
INSERT INTO `communities` (`id`, `name`, `created_at`) VALUES (57, 'enim', '2010-05-18 15:52:17');
INSERT INTO `communities` (`id`, `name`, `created_at`) VALUES (58, 'corrupti', '2010-08-18 20:33:01');
INSERT INTO `communities` (`id`, `name`, `created_at`) VALUES (59, 'architecto', '2017-09-25 05:16:54');
INSERT INTO `communities` (`id`, `name`, `created_at`) VALUES (60, 'eveniet', '2017-05-26 10:05:26');
INSERT INTO `communities` (`id`, `name`, `created_at`) VALUES (61, 'eos', '2012-03-31 21:22:12');
INSERT INTO `communities` (`id`, `name`, `created_at`) VALUES (62, 'provident', '2019-05-07 18:45:51');
INSERT INTO `communities` (`id`, `name`, `created_at`) VALUES (63, 'placeat', '2015-03-26 02:08:40');
INSERT INTO `communities` (`id`, `name`, `created_at`) VALUES (64, 'autem', '2016-08-01 11:33:09');
INSERT INTO `communities` (`id`, `name`, `created_at`) VALUES (65, 'vel', '2013-05-21 13:58:26');
INSERT INTO `communities` (`id`, `name`, `created_at`) VALUES (66, 'modi', '2011-05-17 16:53:55');
INSERT INTO `communities` (`id`, `name`, `created_at`) VALUES (67, 'consequuntur', '2018-11-06 11:49:18');
INSERT INTO `communities` (`id`, `name`, `created_at`) VALUES (68, 'velit', '2016-02-16 12:32:40');
INSERT INTO `communities` (`id`, `name`, `created_at`) VALUES (69, 'labore', '2012-09-07 19:48:29');
INSERT INTO `communities` (`id`, `name`, `created_at`) VALUES (70, 'nulla', '2012-10-16 09:22:13');
INSERT INTO `communities` (`id`, `name`, `created_at`) VALUES (71, 'dignissimos', '2010-11-21 01:28:59');
INSERT INTO `communities` (`id`, `name`, `created_at`) VALUES (72, 'harum', '2011-03-19 13:22:45');
INSERT INTO `communities` (`id`, `name`, `created_at`) VALUES (73, 'occaecati', '2013-06-01 08:16:18');
INSERT INTO `communities` (`id`, `name`, `created_at`) VALUES (74, 'sint', '2013-07-08 16:13:30');
INSERT INTO `communities` (`id`, `name`, `created_at`) VALUES (75, 'nobis', '2015-11-19 08:28:53');
INSERT INTO `communities` (`id`, `name`, `created_at`) VALUES (76, 'rerum', '2019-08-28 12:30:55');
INSERT INTO `communities` (`id`, `name`, `created_at`) VALUES (77, 'consequatur', '2019-02-14 16:48:54');
INSERT INTO `communities` (`id`, `name`, `created_at`) VALUES (78, 'iusto', '2016-09-17 01:36:19');
INSERT INTO `communities` (`id`, `name`, `created_at`) VALUES (79, 'officiis', '2012-09-29 19:33:43');
INSERT INTO `communities` (`id`, `name`, `created_at`) VALUES (80, 'mollitia', '2017-10-14 18:22:58');
INSERT INTO `communities` (`id`, `name`, `created_at`) VALUES (81, 'quod', '2017-02-16 19:09:16');
INSERT INTO `communities` (`id`, `name`, `created_at`) VALUES (82, 'aspernatur', '2014-09-23 03:04:17');
INSERT INTO `communities` (`id`, `name`, `created_at`) VALUES (83, 'eum', '2015-10-02 03:06:27');
INSERT INTO `communities` (`id`, `name`, `created_at`) VALUES (84, 'commodi', '2014-08-12 18:24:22');
INSERT INTO `communities` (`id`, `name`, `created_at`) VALUES (85, 'alias', '2012-12-16 06:12:04');
INSERT INTO `communities` (`id`, `name`, `created_at`) VALUES (86, 'optio', '2013-11-13 07:06:31');
INSERT INTO `communities` (`id`, `name`, `created_at`) VALUES (87, 'voluptates', '2018-01-07 05:41:21');
INSERT INTO `communities` (`id`, `name`, `created_at`) VALUES (88, 'repellendus', '2019-01-09 02:26:35');
INSERT INTO `communities` (`id`, `name`, `created_at`) VALUES (89, 'inventore', '2016-11-21 16:31:57');
INSERT INTO `communities` (`id`, `name`, `created_at`) VALUES (90, 'quis', '2011-02-21 13:23:07');
INSERT INTO `communities` (`id`, `name`, `created_at`) VALUES (91, 'vero', '2012-06-11 04:44:16');
INSERT INTO `communities` (`id`, `name`, `created_at`) VALUES (92, 'eius', '2012-10-20 08:40:43');
INSERT INTO `communities` (`id`, `name`, `created_at`) VALUES (93, 'ex', '2019-10-27 09:43:09');
INSERT INTO `communities` (`id`, `name`, `created_at`) VALUES (94, 'sequi', '2013-10-25 01:46:56');
INSERT INTO `communities` (`id`, `name`, `created_at`) VALUES (95, 'deleniti', '2018-09-17 18:09:46');
INSERT INTO `communities` (`id`, `name`, `created_at`) VALUES (96, 'praesentium', '2012-10-14 02:32:19');
INSERT INTO `communities` (`id`, `name`, `created_at`) VALUES (97, 'quibusdam', '2018-09-15 12:39:19');
INSERT INTO `communities` (`id`, `name`, `created_at`) VALUES (98, 'nesciunt', '2019-06-03 15:42:18');
INSERT INTO `communities` (`id`, `name`, `created_at`) VALUES (99, 'molestias', '2016-08-22 09:03:04');
INSERT INTO `communities` (`id`, `name`, `created_at`) VALUES (100, 'sapiente', '2014-09-03 11:02:02');


#
# TABLE STRUCTURE FOR: communities_users
#

DROP TABLE IF EXISTS `communities_users`;

CREATE TABLE `communities_users` (
  `community_id` int(10) unsigned NOT NULL,
  `user_id` int(10) unsigned NOT NULL,
  PRIMARY KEY (`community_id`,`user_id`)
) ENGINE=InnoDB DEFAULT CHARSET=utf8 COLLATE=utf8_unicode_ci;

INSERT INTO `communities_users` (`community_id`, `user_id`) VALUES (1, 1);
INSERT INTO `communities_users` (`community_id`, `user_id`) VALUES (2, 2);
INSERT INTO `communities_users` (`community_id`, `user_id`) VALUES (3, 3);
INSERT INTO `communities_users` (`community_id`, `user_id`) VALUES (4, 4);
INSERT INTO `communities_users` (`community_id`, `user_id`) VALUES (5, 5);
INSERT INTO `communities_users` (`community_id`, `user_id`) VALUES (6, 6);
INSERT INTO `communities_users` (`community_id`, `user_id`) VALUES (7, 7);
INSERT INTO `communities_users` (`community_id`, `user_id`) VALUES (8, 8);
INSERT INTO `communities_users` (`community_id`, `user_id`) VALUES (9, 9);
INSERT INTO `communities_users` (`community_id`, `user_id`) VALUES (10, 10);
INSERT INTO `communities_users` (`community_id`, `user_id`) VALUES (11, 11);
INSERT INTO `communities_users` (`community_id`, `user_id`) VALUES (12, 12);
INSERT INTO `communities_users` (`community_id`, `user_id`) VALUES (13, 13);
INSERT INTO `communities_users` (`community_id`, `user_id`) VALUES (14, 14);
INSERT INTO `communities_users` (`community_id`, `user_id`) VALUES (15, 15);
INSERT INTO `communities_users` (`community_id`, `user_id`) VALUES (16, 16);
INSERT INTO `communities_users` (`community_id`, `user_id`) VALUES (17, 17);
INSERT INTO `communities_users` (`community_id`, `user_id`) VALUES (18, 18);
INSERT INTO `communities_users` (`community_id`, `user_id`) VALUES (19, 19);
INSERT INTO `communities_users` (`community_id`, `user_id`) VALUES (20, 20);
INSERT INTO `communities_users` (`community_id`, `user_id`) VALUES (21, 21);
INSERT INTO `communities_users` (`community_id`, `user_id`) VALUES (22, 22);
INSERT INTO `communities_users` (`community_id`, `user_id`) VALUES (23, 23);
INSERT INTO `communities_users` (`community_id`, `user_id`) VALUES (24, 24);
INSERT INTO `communities_users` (`community_id`, `user_id`) VALUES (25, 25);
INSERT INTO `communities_users` (`community_id`, `user_id`) VALUES (26, 26);
INSERT INTO `communities_users` (`community_id`, `user_id`) VALUES (27, 27);
INSERT INTO `communities_users` (`community_id`, `user_id`) VALUES (28, 28);
INSERT INTO `communities_users` (`community_id`, `user_id`) VALUES (29, 29);
INSERT INTO `communities_users` (`community_id`, `user_id`) VALUES (30, 30);
INSERT INTO `communities_users` (`community_id`, `user_id`) VALUES (31, 31);
INSERT INTO `communities_users` (`community_id`, `user_id`) VALUES (32, 32);
INSERT INTO `communities_users` (`community_id`, `user_id`) VALUES (33, 33);
INSERT INTO `communities_users` (`community_id`, `user_id`) VALUES (34, 34);
INSERT INTO `communities_users` (`community_id`, `user_id`) VALUES (35, 35);
INSERT INTO `communities_users` (`community_id`, `user_id`) VALUES (36, 36);
INSERT INTO `communities_users` (`community_id`, `user_id`) VALUES (37, 37);
INSERT INTO `communities_users` (`community_id`, `user_id`) VALUES (38, 38);
INSERT INTO `communities_users` (`community_id`, `user_id`) VALUES (39, 39);
INSERT INTO `communities_users` (`community_id`, `user_id`) VALUES (40, 40);
INSERT INTO `communities_users` (`community_id`, `user_id`) VALUES (41, 41);
INSERT INTO `communities_users` (`community_id`, `user_id`) VALUES (42, 42);
INSERT INTO `communities_users` (`community_id`, `user_id`) VALUES (43, 43);
INSERT INTO `communities_users` (`community_id`, `user_id`) VALUES (44, 44);
INSERT INTO `communities_users` (`community_id`, `user_id`) VALUES (45, 45);
INSERT INTO `communities_users` (`community_id`, `user_id`) VALUES (46, 46);
INSERT INTO `communities_users` (`community_id`, `user_id`) VALUES (47, 47);
INSERT INTO `communities_users` (`community_id`, `user_id`) VALUES (48, 48);
INSERT INTO `communities_users` (`community_id`, `user_id`) VALUES (49, 49);
INSERT INTO `communities_users` (`community_id`, `user_id`) VALUES (50, 50);
INSERT INTO `communities_users` (`community_id`, `user_id`) VALUES (51, 51);
INSERT INTO `communities_users` (`community_id`, `user_id`) VALUES (52, 52);
INSERT INTO `communities_users` (`community_id`, `user_id`) VALUES (53, 53);
INSERT INTO `communities_users` (`community_id`, `user_id`) VALUES (54, 54);
INSERT INTO `communities_users` (`community_id`, `user_id`) VALUES (55, 55);
INSERT INTO `communities_users` (`community_id`, `user_id`) VALUES (56, 56);
INSERT INTO `communities_users` (`community_id`, `user_id`) VALUES (57, 57);
INSERT INTO `communities_users` (`community_id`, `user_id`) VALUES (58, 58);
INSERT INTO `communities_users` (`community_id`, `user_id`) VALUES (59, 59);
INSERT INTO `communities_users` (`community_id`, `user_id`) VALUES (60, 60);
INSERT INTO `communities_users` (`community_id`, `user_id`) VALUES (61, 61);
INSERT INTO `communities_users` (`community_id`, `user_id`) VALUES (62, 62);
INSERT INTO `communities_users` (`community_id`, `user_id`) VALUES (63, 63);
INSERT INTO `communities_users` (`community_id`, `user_id`) VALUES (64, 64);
INSERT INTO `communities_users` (`community_id`, `user_id`) VALUES (65, 65);
INSERT INTO `communities_users` (`community_id`, `user_id`) VALUES (66, 66);
INSERT INTO `communities_users` (`community_id`, `user_id`) VALUES (67, 67);
INSERT INTO `communities_users` (`community_id`, `user_id`) VALUES (68, 68);
INSERT INTO `communities_users` (`community_id`, `user_id`) VALUES (69, 69);
INSERT INTO `communities_users` (`community_id`, `user_id`) VALUES (70, 70);
INSERT INTO `communities_users` (`community_id`, `user_id`) VALUES (71, 71);
INSERT INTO `communities_users` (`community_id`, `user_id`) VALUES (72, 72);
INSERT INTO `communities_users` (`community_id`, `user_id`) VALUES (73, 73);
INSERT INTO `communities_users` (`community_id`, `user_id`) VALUES (74, 74);
INSERT INTO `communities_users` (`community_id`, `user_id`) VALUES (75, 75);
INSERT INTO `communities_users` (`community_id`, `user_id`) VALUES (76, 76);
INSERT INTO `communities_users` (`community_id`, `user_id`) VALUES (77, 77);
INSERT INTO `communities_users` (`community_id`, `user_id`) VALUES (78, 78);
INSERT INTO `communities_users` (`community_id`, `user_id`) VALUES (79, 79);
INSERT INTO `communities_users` (`community_id`, `user_id`) VALUES (80, 80);
INSERT INTO `communities_users` (`community_id`, `user_id`) VALUES (81, 81);
INSERT INTO `communities_users` (`community_id`, `user_id`) VALUES (82, 82);
INSERT INTO `communities_users` (`community_id`, `user_id`) VALUES (83, 83);
INSERT INTO `communities_users` (`community_id`, `user_id`) VALUES (84, 84);
INSERT INTO `communities_users` (`community_id`, `user_id`) VALUES (85, 85);
INSERT INTO `communities_users` (`community_id`, `user_id`) VALUES (86, 86);
INSERT INTO `communities_users` (`community_id`, `user_id`) VALUES (87, 87);
INSERT INTO `communities_users` (`community_id`, `user_id`) VALUES (88, 88);
INSERT INTO `communities_users` (`community_id`, `user_id`) VALUES (89, 89);
INSERT INTO `communities_users` (`community_id`, `user_id`) VALUES (90, 90);
INSERT INTO `communities_users` (`community_id`, `user_id`) VALUES (91, 91);
INSERT INTO `communities_users` (`community_id`, `user_id`) VALUES (92, 92);
INSERT INTO `communities_users` (`community_id`, `user_id`) VALUES (93, 93);
INSERT INTO `communities_users` (`community_id`, `user_id`) VALUES (94, 94);
INSERT INTO `communities_users` (`community_id`, `user_id`) VALUES (95, 95);
INSERT INTO `communities_users` (`community_id`, `user_id`) VALUES (96, 96);
INSERT INTO `communities_users` (`community_id`, `user_id`) VALUES (97, 97);
INSERT INTO `communities_users` (`community_id`, `user_id`) VALUES (98, 98);
INSERT INTO `communities_users` (`community_id`, `user_id`) VALUES (99, 99);
INSERT INTO `communities_users` (`community_id`, `user_id`) VALUES (100, 100);


#
# TABLE STRUCTURE FOR: friendship
#

DROP TABLE IF EXISTS `friendship`;

CREATE TABLE `friendship` (
  `user_id` int(10) unsigned NOT NULL,
  `friend_id` int(10) unsigned NOT NULL,
  `status_id` int(10) unsigned NOT NULL,
  `requested_at` datetime DEFAULT current_timestamp(),
  `confirmed_at` datetime DEFAULT NULL,
  PRIMARY KEY (`user_id`,`friend_id`)
) ENGINE=InnoDB DEFAULT CHARSET=utf8 COLLATE=utf8_unicode_ci;

INSERT INTO `friendship` (`user_id`, `friend_id`, `status_id`, `requested_at`, `confirmed_at`) VALUES (1, 1, 1, '2019-10-29 07:22:04', '2017-03-09 20:45:57');
INSERT INTO `friendship` (`user_id`, `friend_id`, `status_id`, `requested_at`, `confirmed_at`) VALUES (2, 2, 2, '2017-04-15 07:50:17', '2019-06-30 13:47:28');
INSERT INTO `friendship` (`user_id`, `friend_id`, `status_id`, `requested_at`, `confirmed_at`) VALUES (3, 3, 3, '2016-03-17 23:10:40', '2019-08-21 00:51:34');
INSERT INTO `friendship` (`user_id`, `friend_id`, `status_id`, `requested_at`, `confirmed_at`) VALUES (4, 4, 4, '2010-09-28 18:17:46', '2011-08-24 23:20:36');
INSERT INTO `friendship` (`user_id`, `friend_id`, `status_id`, `requested_at`, `confirmed_at`) VALUES (5, 5, 5, '2010-03-11 05:21:08', '2016-05-08 00:56:04');
INSERT INTO `friendship` (`user_id`, `friend_id`, `status_id`, `requested_at`, `confirmed_at`) VALUES (6, 6, 6, '2018-07-22 19:24:19', '2013-11-18 09:34:05');
INSERT INTO `friendship` (`user_id`, `friend_id`, `status_id`, `requested_at`, `confirmed_at`) VALUES (7, 7, 7, '2014-06-24 21:22:33', '2013-07-24 11:17:48');
INSERT INTO `friendship` (`user_id`, `friend_id`, `status_id`, `requested_at`, `confirmed_at`) VALUES (8, 8, 8, '2013-08-07 03:36:56', '2016-07-11 14:06:06');
INSERT INTO `friendship` (`user_id`, `friend_id`, `status_id`, `requested_at`, `confirmed_at`) VALUES (9, 9, 9, '2015-10-04 05:06:54', '2015-11-21 14:55:21');
INSERT INTO `friendship` (`user_id`, `friend_id`, `status_id`, `requested_at`, `confirmed_at`) VALUES (10, 10, 10, '2014-03-22 19:39:18', '2014-12-20 00:50:53');
INSERT INTO `friendship` (`user_id`, `friend_id`, `status_id`, `requested_at`, `confirmed_at`) VALUES (11, 11, 11, '2018-07-11 19:32:19', '2014-02-23 15:40:46');
INSERT INTO `friendship` (`user_id`, `friend_id`, `status_id`, `requested_at`, `confirmed_at`) VALUES (12, 12, 12, '2019-03-29 21:27:09', '2010-08-27 17:47:42');
INSERT INTO `friendship` (`user_id`, `friend_id`, `status_id`, `requested_at`, `confirmed_at`) VALUES (13, 13, 13, '2011-09-24 17:22:16', '2010-10-13 14:09:09');
INSERT INTO `friendship` (`user_id`, `friend_id`, `status_id`, `requested_at`, `confirmed_at`) VALUES (14, 14, 14, '2017-04-29 18:08:39', '2010-11-11 22:31:22');
INSERT INTO `friendship` (`user_id`, `friend_id`, `status_id`, `requested_at`, `confirmed_at`) VALUES (15, 15, 15, '2014-04-20 18:22:20', '2018-04-28 18:28:38');
INSERT INTO `friendship` (`user_id`, `friend_id`, `status_id`, `requested_at`, `confirmed_at`) VALUES (16, 16, 16, '2011-04-04 14:15:48', '2019-01-10 18:28:38');
INSERT INTO `friendship` (`user_id`, `friend_id`, `status_id`, `requested_at`, `confirmed_at`) VALUES (17, 17, 17, '2019-12-08 08:26:22', '2016-03-07 11:02:05');
INSERT INTO `friendship` (`user_id`, `friend_id`, `status_id`, `requested_at`, `confirmed_at`) VALUES (18, 18, 18, '2011-04-23 20:16:01', '2017-06-22 21:26:39');
INSERT INTO `friendship` (`user_id`, `friend_id`, `status_id`, `requested_at`, `confirmed_at`) VALUES (19, 19, 19, '2013-06-29 18:12:13', '2017-08-02 03:25:21');
INSERT INTO `friendship` (`user_id`, `friend_id`, `status_id`, `requested_at`, `confirmed_at`) VALUES (20, 20, 20, '2016-06-30 20:26:27', '2014-07-31 08:37:00');
INSERT INTO `friendship` (`user_id`, `friend_id`, `status_id`, `requested_at`, `confirmed_at`) VALUES (21, 21, 21, '2015-09-12 12:51:30', '2011-07-22 07:46:32');
INSERT INTO `friendship` (`user_id`, `friend_id`, `status_id`, `requested_at`, `confirmed_at`) VALUES (22, 22, 22, '2016-02-21 02:57:27', '2013-07-16 05:05:20');
INSERT INTO `friendship` (`user_id`, `friend_id`, `status_id`, `requested_at`, `confirmed_at`) VALUES (23, 23, 23, '2017-01-15 07:01:06', '2011-11-29 11:30:50');
INSERT INTO `friendship` (`user_id`, `friend_id`, `status_id`, `requested_at`, `confirmed_at`) VALUES (24, 24, 24, '2011-10-15 07:14:38', '2018-09-14 13:28:06');
INSERT INTO `friendship` (`user_id`, `friend_id`, `status_id`, `requested_at`, `confirmed_at`) VALUES (25, 25, 25, '2017-04-27 04:41:59', '2018-09-12 06:51:15');
INSERT INTO `friendship` (`user_id`, `friend_id`, `status_id`, `requested_at`, `confirmed_at`) VALUES (26, 26, 26, '2019-06-29 20:17:43', '2017-10-13 04:33:55');
INSERT INTO `friendship` (`user_id`, `friend_id`, `status_id`, `requested_at`, `confirmed_at`) VALUES (27, 27, 27, '2014-04-16 22:16:59', '2014-06-10 21:14:02');
INSERT INTO `friendship` (`user_id`, `friend_id`, `status_id`, `requested_at`, `confirmed_at`) VALUES (28, 28, 28, '2017-03-16 04:02:13', '2015-10-18 18:11:08');
INSERT INTO `friendship` (`user_id`, `friend_id`, `status_id`, `requested_at`, `confirmed_at`) VALUES (29, 29, 29, '2019-08-08 05:46:19', '2012-08-28 22:46:04');
INSERT INTO `friendship` (`user_id`, `friend_id`, `status_id`, `requested_at`, `confirmed_at`) VALUES (30, 30, 30, '2018-02-07 04:02:07', '2017-12-14 07:36:27');
INSERT INTO `friendship` (`user_id`, `friend_id`, `status_id`, `requested_at`, `confirmed_at`) VALUES (31, 31, 31, '2017-03-04 06:25:32', '2015-03-25 01:44:29');
INSERT INTO `friendship` (`user_id`, `friend_id`, `status_id`, `requested_at`, `confirmed_at`) VALUES (32, 32, 32, '2014-01-28 12:42:04', '2015-07-16 13:55:50');
INSERT INTO `friendship` (`user_id`, `friend_id`, `status_id`, `requested_at`, `confirmed_at`) VALUES (33, 33, 33, '2016-11-24 04:16:44', '2019-02-05 19:19:20');
INSERT INTO `friendship` (`user_id`, `friend_id`, `status_id`, `requested_at`, `confirmed_at`) VALUES (34, 34, 34, '2012-06-08 01:53:06', '2019-05-14 16:23:28');
INSERT INTO `friendship` (`user_id`, `friend_id`, `status_id`, `requested_at`, `confirmed_at`) VALUES (35, 35, 35, '2018-09-15 21:02:39', '2017-02-18 07:45:31');
INSERT INTO `friendship` (`user_id`, `friend_id`, `status_id`, `requested_at`, `confirmed_at`) VALUES (36, 36, 36, '2016-02-23 11:59:39', '2011-06-08 00:48:22');
INSERT INTO `friendship` (`user_id`, `friend_id`, `status_id`, `requested_at`, `confirmed_at`) VALUES (37, 37, 37, '2019-11-21 19:54:14', '2014-06-09 20:16:01');
INSERT INTO `friendship` (`user_id`, `friend_id`, `status_id`, `requested_at`, `confirmed_at`) VALUES (38, 38, 38, '2010-04-19 10:20:17', '2016-10-02 10:57:10');
INSERT INTO `friendship` (`user_id`, `friend_id`, `status_id`, `requested_at`, `confirmed_at`) VALUES (39, 39, 39, '2010-10-14 15:58:46', '2017-04-06 03:52:55');
INSERT INTO `friendship` (`user_id`, `friend_id`, `status_id`, `requested_at`, `confirmed_at`) VALUES (40, 40, 40, '2012-10-18 02:08:06', '2018-06-02 21:53:39');
INSERT INTO `friendship` (`user_id`, `friend_id`, `status_id`, `requested_at`, `confirmed_at`) VALUES (41, 41, 41, '2016-10-16 17:02:59', '2013-01-01 09:35:53');
INSERT INTO `friendship` (`user_id`, `friend_id`, `status_id`, `requested_at`, `confirmed_at`) VALUES (42, 42, 42, '2014-01-17 22:01:40', '2011-09-10 03:39:38');
INSERT INTO `friendship` (`user_id`, `friend_id`, `status_id`, `requested_at`, `confirmed_at`) VALUES (43, 43, 43, '2016-05-22 10:55:46', '2013-09-18 12:01:19');
INSERT INTO `friendship` (`user_id`, `friend_id`, `status_id`, `requested_at`, `confirmed_at`) VALUES (44, 44, 44, '2012-02-25 00:14:30', '2015-01-28 07:09:23');
INSERT INTO `friendship` (`user_id`, `friend_id`, `status_id`, `requested_at`, `confirmed_at`) VALUES (45, 45, 45, '2019-08-08 03:29:54', '2012-09-15 17:37:52');
INSERT INTO `friendship` (`user_id`, `friend_id`, `status_id`, `requested_at`, `confirmed_at`) VALUES (46, 46, 46, '2010-03-06 13:47:50', '2011-02-27 06:28:37');
INSERT INTO `friendship` (`user_id`, `friend_id`, `status_id`, `requested_at`, `confirmed_at`) VALUES (47, 47, 47, '2014-10-28 18:50:01', '2012-07-20 15:18:04');
INSERT INTO `friendship` (`user_id`, `friend_id`, `status_id`, `requested_at`, `confirmed_at`) VALUES (48, 48, 48, '2011-01-27 07:22:40', '2019-01-12 10:47:15');
INSERT INTO `friendship` (`user_id`, `friend_id`, `status_id`, `requested_at`, `confirmed_at`) VALUES (49, 49, 49, '2011-09-16 03:37:07', '2015-12-03 17:05:51');
INSERT INTO `friendship` (`user_id`, `friend_id`, `status_id`, `requested_at`, `confirmed_at`) VALUES (50, 50, 50, '2010-10-23 06:02:17', '2018-05-18 00:05:55');
INSERT INTO `friendship` (`user_id`, `friend_id`, `status_id`, `requested_at`, `confirmed_at`) VALUES (51, 51, 51, '2013-07-27 21:10:23', '2019-03-23 02:58:01');
INSERT INTO `friendship` (`user_id`, `friend_id`, `status_id`, `requested_at`, `confirmed_at`) VALUES (52, 52, 52, '2012-03-30 21:24:25', '2011-04-09 13:03:40');
INSERT INTO `friendship` (`user_id`, `friend_id`, `status_id`, `requested_at`, `confirmed_at`) VALUES (53, 53, 53, '2019-03-07 10:06:13', '2012-08-06 10:04:06');
INSERT INTO `friendship` (`user_id`, `friend_id`, `status_id`, `requested_at`, `confirmed_at`) VALUES (54, 54, 54, '2015-08-19 15:50:01', '2014-12-21 13:47:52');
INSERT INTO `friendship` (`user_id`, `friend_id`, `status_id`, `requested_at`, `confirmed_at`) VALUES (55, 55, 55, '2013-07-03 12:58:46', '2019-10-03 19:28:23');
INSERT INTO `friendship` (`user_id`, `friend_id`, `status_id`, `requested_at`, `confirmed_at`) VALUES (56, 56, 56, '2013-07-15 03:22:43', '2018-07-30 21:03:33');
INSERT INTO `friendship` (`user_id`, `friend_id`, `status_id`, `requested_at`, `confirmed_at`) VALUES (57, 57, 57, '2011-11-13 06:25:39', '2016-09-04 05:22:09');
INSERT INTO `friendship` (`user_id`, `friend_id`, `status_id`, `requested_at`, `confirmed_at`) VALUES (58, 58, 58, '2019-02-21 19:37:11', '2016-03-15 13:04:17');
INSERT INTO `friendship` (`user_id`, `friend_id`, `status_id`, `requested_at`, `confirmed_at`) VALUES (59, 59, 59, '2013-09-10 16:16:30', '2014-07-27 02:38:52');
INSERT INTO `friendship` (`user_id`, `friend_id`, `status_id`, `requested_at`, `confirmed_at`) VALUES (60, 60, 60, '2016-07-25 05:51:39', '2010-04-03 10:34:10');
INSERT INTO `friendship` (`user_id`, `friend_id`, `status_id`, `requested_at`, `confirmed_at`) VALUES (61, 61, 61, '2015-12-19 04:58:30', '2010-07-29 11:43:24');
INSERT INTO `friendship` (`user_id`, `friend_id`, `status_id`, `requested_at`, `confirmed_at`) VALUES (62, 62, 62, '2015-12-29 22:07:21', '2018-10-13 21:36:50');
INSERT INTO `friendship` (`user_id`, `friend_id`, `status_id`, `requested_at`, `confirmed_at`) VALUES (63, 63, 63, '2019-05-02 03:09:23', '2012-01-10 18:32:55');
INSERT INTO `friendship` (`user_id`, `friend_id`, `status_id`, `requested_at`, `confirmed_at`) VALUES (64, 64, 64, '2015-08-24 01:52:56', '2013-03-29 13:05:00');
INSERT INTO `friendship` (`user_id`, `friend_id`, `status_id`, `requested_at`, `confirmed_at`) VALUES (65, 65, 65, '2016-04-18 03:50:13', '2014-10-30 14:56:57');
INSERT INTO `friendship` (`user_id`, `friend_id`, `status_id`, `requested_at`, `confirmed_at`) VALUES (66, 66, 66, '2014-11-01 09:53:16', '2018-03-26 17:44:06');
INSERT INTO `friendship` (`user_id`, `friend_id`, `status_id`, `requested_at`, `confirmed_at`) VALUES (67, 67, 67, '2016-11-03 21:55:17', '2010-06-23 23:59:27');
INSERT INTO `friendship` (`user_id`, `friend_id`, `status_id`, `requested_at`, `confirmed_at`) VALUES (68, 68, 68, '2017-09-15 21:56:15', '2010-03-14 20:42:57');
INSERT INTO `friendship` (`user_id`, `friend_id`, `status_id`, `requested_at`, `confirmed_at`) VALUES (69, 69, 69, '2019-09-19 13:43:10', '2016-05-12 21:27:43');
INSERT INTO `friendship` (`user_id`, `friend_id`, `status_id`, `requested_at`, `confirmed_at`) VALUES (70, 70, 70, '2017-04-01 03:33:07', '2011-08-11 05:03:23');
INSERT INTO `friendship` (`user_id`, `friend_id`, `status_id`, `requested_at`, `confirmed_at`) VALUES (71, 71, 71, '2019-11-03 19:16:31', '2020-01-26 03:42:52');
INSERT INTO `friendship` (`user_id`, `friend_id`, `status_id`, `requested_at`, `confirmed_at`) VALUES (72, 72, 72, '2019-09-12 10:49:33', '2017-01-17 23:41:28');
INSERT INTO `friendship` (`user_id`, `friend_id`, `status_id`, `requested_at`, `confirmed_at`) VALUES (73, 73, 73, '2018-06-14 20:58:00', '2013-11-20 13:54:39');
INSERT INTO `friendship` (`user_id`, `friend_id`, `status_id`, `requested_at`, `confirmed_at`) VALUES (74, 74, 74, '2014-12-16 08:40:23', '2019-12-10 17:21:37');
INSERT INTO `friendship` (`user_id`, `friend_id`, `status_id`, `requested_at`, `confirmed_at`) VALUES (75, 75, 75, '2017-02-17 08:45:56', '2014-01-15 09:56:55');
INSERT INTO `friendship` (`user_id`, `friend_id`, `status_id`, `requested_at`, `confirmed_at`) VALUES (76, 76, 76, '2013-06-26 06:16:15', '2019-05-12 02:05:28');
INSERT INTO `friendship` (`user_id`, `friend_id`, `status_id`, `requested_at`, `confirmed_at`) VALUES (77, 77, 77, '2010-03-11 01:36:35', '2018-07-08 00:10:29');
INSERT INTO `friendship` (`user_id`, `friend_id`, `status_id`, `requested_at`, `confirmed_at`) VALUES (78, 78, 78, '2019-03-18 03:08:29', '2011-02-10 23:34:48');
INSERT INTO `friendship` (`user_id`, `friend_id`, `status_id`, `requested_at`, `confirmed_at`) VALUES (79, 79, 79, '2016-02-13 01:37:46', '2018-03-02 14:20:47');
INSERT INTO `friendship` (`user_id`, `friend_id`, `status_id`, `requested_at`, `confirmed_at`) VALUES (80, 80, 80, '2019-03-11 02:07:32', '2016-10-07 16:06:03');
INSERT INTO `friendship` (`user_id`, `friend_id`, `status_id`, `requested_at`, `confirmed_at`) VALUES (81, 81, 81, '2011-07-14 08:41:00', '2016-03-24 15:44:06');
INSERT INTO `friendship` (`user_id`, `friend_id`, `status_id`, `requested_at`, `confirmed_at`) VALUES (82, 82, 82, '2018-01-05 14:55:25', '2011-05-02 03:28:36');
INSERT INTO `friendship` (`user_id`, `friend_id`, `status_id`, `requested_at`, `confirmed_at`) VALUES (83, 83, 83, '2018-08-19 03:10:16', '2013-05-08 09:43:07');
INSERT INTO `friendship` (`user_id`, `friend_id`, `status_id`, `requested_at`, `confirmed_at`) VALUES (84, 84, 84, '2018-06-01 23:24:53', '2018-10-06 09:14:14');
INSERT INTO `friendship` (`user_id`, `friend_id`, `status_id`, `requested_at`, `confirmed_at`) VALUES (85, 85, 85, '2019-08-19 10:20:22', '2016-04-04 15:40:59');
INSERT INTO `friendship` (`user_id`, `friend_id`, `status_id`, `requested_at`, `confirmed_at`) VALUES (86, 86, 86, '2017-11-18 10:51:24', '2010-03-10 09:03:30');
INSERT INTO `friendship` (`user_id`, `friend_id`, `status_id`, `requested_at`, `confirmed_at`) VALUES (87, 87, 87, '2016-01-09 10:07:24', '2013-04-04 13:00:22');
INSERT INTO `friendship` (`user_id`, `friend_id`, `status_id`, `requested_at`, `confirmed_at`) VALUES (88, 88, 88, '2018-06-21 22:19:46', '2018-12-24 06:39:47');
INSERT INTO `friendship` (`user_id`, `friend_id`, `status_id`, `requested_at`, `confirmed_at`) VALUES (89, 89, 89, '2011-06-25 23:02:19', '2010-12-17 13:22:49');
INSERT INTO `friendship` (`user_id`, `friend_id`, `status_id`, `requested_at`, `confirmed_at`) VALUES (90, 90, 90, '2017-04-01 12:55:52', '2016-07-29 16:16:17');
INSERT INTO `friendship` (`user_id`, `friend_id`, `status_id`, `requested_at`, `confirmed_at`) VALUES (91, 91, 91, '2018-02-16 04:26:48', '2010-07-03 03:02:05');
INSERT INTO `friendship` (`user_id`, `friend_id`, `status_id`, `requested_at`, `confirmed_at`) VALUES (92, 92, 92, '2017-09-09 21:49:05', '2010-07-25 17:36:41');
INSERT INTO `friendship` (`user_id`, `friend_id`, `status_id`, `requested_at`, `confirmed_at`) VALUES (93, 93, 93, '2018-03-09 00:37:09', '2011-02-12 13:46:59');
INSERT INTO `friendship` (`user_id`, `friend_id`, `status_id`, `requested_at`, `confirmed_at`) VALUES (94, 94, 94, '2014-06-08 09:19:17', '2019-08-26 15:53:24');
INSERT INTO `friendship` (`user_id`, `friend_id`, `status_id`, `requested_at`, `confirmed_at`) VALUES (95, 95, 95, '2014-05-29 14:12:21', '2017-03-30 11:43:51');
INSERT INTO `friendship` (`user_id`, `friend_id`, `status_id`, `requested_at`, `confirmed_at`) VALUES (96, 96, 96, '2011-07-10 08:28:29', '2012-11-28 04:51:11');
INSERT INTO `friendship` (`user_id`, `friend_id`, `status_id`, `requested_at`, `confirmed_at`) VALUES (97, 97, 97, '2015-04-29 15:22:19', '2014-09-15 16:53:13');
INSERT INTO `friendship` (`user_id`, `friend_id`, `status_id`, `requested_at`, `confirmed_at`) VALUES (98, 98, 98, '2015-09-13 13:00:40', '2019-06-23 00:32:06');
INSERT INTO `friendship` (`user_id`, `friend_id`, `status_id`, `requested_at`, `confirmed_at`) VALUES (99, 99, 99, '2017-03-03 10:18:08', '2018-07-12 19:41:44');
INSERT INTO `friendship` (`user_id`, `friend_id`, `status_id`, `requested_at`, `confirmed_at`) VALUES (100, 100, 100, '2010-04-04 00:49:25', '2012-12-26 22:23:37');


#
# TABLE STRUCTURE FOR: friendship_statuses
#

DROP TABLE IF EXISTS `friendship_statuses`;

CREATE TABLE `friendship_statuses` (
  `id` int(10) unsigned NOT NULL AUTO_INCREMENT,
  `name` varchar(150) COLLATE utf8_unicode_ci NOT NULL,
  `created_at` datetime DEFAULT current_timestamp(),
  PRIMARY KEY (`id`),
  UNIQUE KEY `name` (`name`)
) ENGINE=InnoDB AUTO_INCREMENT=101 DEFAULT CHARSET=utf8 COLLATE=utf8_unicode_ci;

INSERT INTO `friendship_statuses` (`id`, `name`, `created_at`) VALUES (1, 'aut', '2020-02-04 02:37:05');
INSERT INTO `friendship_statuses` (`id`, `name`, `created_at`) VALUES (2, 'explicabo', '2012-02-22 16:46:09');
INSERT INTO `friendship_statuses` (`id`, `name`, `created_at`) VALUES (3, 'debitis', '2012-12-06 04:19:21');
INSERT INTO `friendship_statuses` (`id`, `name`, `created_at`) VALUES (4, 'rerum', '2010-05-29 17:40:35');
INSERT INTO `friendship_statuses` (`id`, `name`, `created_at`) VALUES (5, 'quam', '2012-07-24 08:38:43');
INSERT INTO `friendship_statuses` (`id`, `name`, `created_at`) VALUES (6, 'enim', '2016-12-02 17:04:14');
INSERT INTO `friendship_statuses` (`id`, `name`, `created_at`) VALUES (7, 'nesciunt', '2016-04-09 00:32:01');
INSERT INTO `friendship_statuses` (`id`, `name`, `created_at`) VALUES (8, 'dolorem', '2013-07-27 11:56:42');
INSERT INTO `friendship_statuses` (`id`, `name`, `created_at`) VALUES (9, 'atque', '2014-02-05 04:32:56');
INSERT INTO `friendship_statuses` (`id`, `name`, `created_at`) VALUES (10, 'quos', '2015-04-27 06:39:35');
INSERT INTO `friendship_statuses` (`id`, `name`, `created_at`) VALUES (11, 'ab', '2011-08-01 16:08:11');
INSERT INTO `friendship_statuses` (`id`, `name`, `created_at`) VALUES (12, 'molestiae', '2017-12-30 05:31:13');
INSERT INTO `friendship_statuses` (`id`, `name`, `created_at`) VALUES (13, 'repellendus', '2015-10-16 16:24:50');
INSERT INTO `friendship_statuses` (`id`, `name`, `created_at`) VALUES (14, 'ipsum', '2013-02-05 07:52:20');
INSERT INTO `friendship_statuses` (`id`, `name`, `created_at`) VALUES (15, 'non', '2011-11-23 21:54:57');
INSERT INTO `friendship_statuses` (`id`, `name`, `created_at`) VALUES (16, 'qui', '2011-06-20 11:35:09');
INSERT INTO `friendship_statuses` (`id`, `name`, `created_at`) VALUES (17, 'ut', '2013-10-02 08:37:52');
INSERT INTO `friendship_statuses` (`id`, `name`, `created_at`) VALUES (18, 'dignissimos', '2020-01-19 18:40:50');
INSERT INTO `friendship_statuses` (`id`, `name`, `created_at`) VALUES (19, 'reprehenderit', '2014-03-21 15:47:14');
INSERT INTO `friendship_statuses` (`id`, `name`, `created_at`) VALUES (20, 'ipsa', '2013-03-27 16:10:12');
INSERT INTO `friendship_statuses` (`id`, `name`, `created_at`) VALUES (21, 'voluptatibus', '2013-10-01 03:02:11');
INSERT INTO `friendship_statuses` (`id`, `name`, `created_at`) VALUES (22, 'est', '2012-07-07 09:41:30');
INSERT INTO `friendship_statuses` (`id`, `name`, `created_at`) VALUES (23, 'laudantium', '2013-03-16 13:51:54');
INSERT INTO `friendship_statuses` (`id`, `name`, `created_at`) VALUES (24, 'a', '2015-05-03 22:51:23');
INSERT INTO `friendship_statuses` (`id`, `name`, `created_at`) VALUES (25, 'sed', '2013-09-13 07:35:03');
INSERT INTO `friendship_statuses` (`id`, `name`, `created_at`) VALUES (26, 'necessitatibus', '2013-07-06 12:10:06');
INSERT INTO `friendship_statuses` (`id`, `name`, `created_at`) VALUES (27, 'quia', '2016-05-15 22:35:27');
INSERT INTO `friendship_statuses` (`id`, `name`, `created_at`) VALUES (28, 'numquam', '2019-08-03 19:12:46');
INSERT INTO `friendship_statuses` (`id`, `name`, `created_at`) VALUES (29, 'et', '2018-12-26 22:42:47');
INSERT INTO `friendship_statuses` (`id`, `name`, `created_at`) VALUES (30, 'illo', '2018-03-01 02:59:51');
INSERT INTO `friendship_statuses` (`id`, `name`, `created_at`) VALUES (31, 'officiis', '2010-03-29 05:55:40');
INSERT INTO `friendship_statuses` (`id`, `name`, `created_at`) VALUES (32, 'distinctio', '2019-01-25 10:54:26');
INSERT INTO `friendship_statuses` (`id`, `name`, `created_at`) VALUES (33, 'nihil', '2017-01-16 11:43:39');
INSERT INTO `friendship_statuses` (`id`, `name`, `created_at`) VALUES (34, 'aliquid', '2011-06-19 18:35:44');
INSERT INTO `friendship_statuses` (`id`, `name`, `created_at`) VALUES (35, 'quae', '2019-07-01 12:11:07');
INSERT INTO `friendship_statuses` (`id`, `name`, `created_at`) VALUES (36, 'saepe', '2018-06-02 06:42:01');
INSERT INTO `friendship_statuses` (`id`, `name`, `created_at`) VALUES (37, 'nobis', '2012-10-19 23:00:32');
INSERT INTO `friendship_statuses` (`id`, `name`, `created_at`) VALUES (38, 'provident', '2019-03-27 02:58:23');
INSERT INTO `friendship_statuses` (`id`, `name`, `created_at`) VALUES (39, 'consectetur', '2010-07-15 23:30:46');
INSERT INTO `friendship_statuses` (`id`, `name`, `created_at`) VALUES (40, 'vero', '2019-03-21 10:31:31');
INSERT INTO `friendship_statuses` (`id`, `name`, `created_at`) VALUES (41, 'amet', '2019-09-14 23:51:29');
INSERT INTO `friendship_statuses` (`id`, `name`, `created_at`) VALUES (42, 'vel', '2015-12-08 10:35:09');
INSERT INTO `friendship_statuses` (`id`, `name`, `created_at`) VALUES (43, 'inventore', '2014-08-27 13:26:29');
INSERT INTO `friendship_statuses` (`id`, `name`, `created_at`) VALUES (44, 'architecto', '2019-05-06 21:46:37');
INSERT INTO `friendship_statuses` (`id`, `name`, `created_at`) VALUES (45, 'pariatur', '2010-11-19 00:03:30');
INSERT INTO `friendship_statuses` (`id`, `name`, `created_at`) VALUES (46, 'eaque', '2010-10-29 00:12:52');
INSERT INTO `friendship_statuses` (`id`, `name`, `created_at`) VALUES (47, 'incidunt', '2012-05-29 12:14:15');
INSERT INTO `friendship_statuses` (`id`, `name`, `created_at`) VALUES (48, 'voluptatem', '2011-05-12 21:09:10');
INSERT INTO `friendship_statuses` (`id`, `name`, `created_at`) VALUES (49, 'quo', '2011-10-24 05:20:19');
INSERT INTO `friendship_statuses` (`id`, `name`, `created_at`) VALUES (50, 'omnis', '2010-07-16 14:50:13');
INSERT INTO `friendship_statuses` (`id`, `name`, `created_at`) VALUES (51, 'dolorum', '2015-01-09 22:12:19');
INSERT INTO `friendship_statuses` (`id`, `name`, `created_at`) VALUES (52, 'consequatur', '2012-12-14 12:38:00');
INSERT INTO `friendship_statuses` (`id`, `name`, `created_at`) VALUES (53, 'placeat', '2019-08-16 00:54:23');
INSERT INTO `friendship_statuses` (`id`, `name`, `created_at`) VALUES (54, 'expedita', '2012-04-17 12:34:09');
INSERT INTO `friendship_statuses` (`id`, `name`, `created_at`) VALUES (55, 'quisquam', '2011-03-30 06:24:13');
INSERT INTO `friendship_statuses` (`id`, `name`, `created_at`) VALUES (56, 'tempore', '2017-06-23 12:27:43');
INSERT INTO `friendship_statuses` (`id`, `name`, `created_at`) VALUES (57, 'in', '2019-12-08 05:40:59');
INSERT INTO `friendship_statuses` (`id`, `name`, `created_at`) VALUES (58, 'quaerat', '2019-01-21 04:59:45');
INSERT INTO `friendship_statuses` (`id`, `name`, `created_at`) VALUES (59, 'doloribus', '2013-06-26 02:27:23');
INSERT INTO `friendship_statuses` (`id`, `name`, `created_at`) VALUES (60, 'impedit', '2014-07-26 02:59:56');
INSERT INTO `friendship_statuses` (`id`, `name`, `created_at`) VALUES (61, 'iusto', '2019-04-24 18:21:41');
INSERT INTO `friendship_statuses` (`id`, `name`, `created_at`) VALUES (62, 'assumenda', '2011-02-17 23:06:22');
INSERT INTO `friendship_statuses` (`id`, `name`, `created_at`) VALUES (63, 'sunt', '2012-07-15 05:15:13');
INSERT INTO `friendship_statuses` (`id`, `name`, `created_at`) VALUES (64, 'voluptatum', '2018-10-09 18:05:07');
INSERT INTO `friendship_statuses` (`id`, `name`, `created_at`) VALUES (65, 'nam', '2015-11-23 23:22:04');
INSERT INTO `friendship_statuses` (`id`, `name`, `created_at`) VALUES (66, 'ducimus', '2014-11-04 01:55:52');
INSERT INTO `friendship_statuses` (`id`, `name`, `created_at`) VALUES (67, 'fugit', '2013-01-03 12:51:26');
INSERT INTO `friendship_statuses` (`id`, `name`, `created_at`) VALUES (68, 'corporis', '2010-10-27 06:16:38');
INSERT INTO `friendship_statuses` (`id`, `name`, `created_at`) VALUES (69, 'sint', '2017-05-10 11:16:46');
INSERT INTO `friendship_statuses` (`id`, `name`, `created_at`) VALUES (70, 'quis', '2019-11-04 20:44:07');
INSERT INTO `friendship_statuses` (`id`, `name`, `created_at`) VALUES (71, 'id', '2013-08-13 07:33:38');
INSERT INTO `friendship_statuses` (`id`, `name`, `created_at`) VALUES (72, 'voluptates', '2019-12-07 22:18:10');
INSERT INTO `friendship_statuses` (`id`, `name`, `created_at`) VALUES (73, 'recusandae', '2013-01-31 20:59:24');
INSERT INTO `friendship_statuses` (`id`, `name`, `created_at`) VALUES (74, 'voluptas', '2016-08-19 07:27:49');
INSERT INTO `friendship_statuses` (`id`, `name`, `created_at`) VALUES (75, 'odit', '2015-08-22 02:23:46');
INSERT INTO `friendship_statuses` (`id`, `name`, `created_at`) VALUES (76, 'unde', '2016-10-04 04:32:42');
INSERT INTO `friendship_statuses` (`id`, `name`, `created_at`) VALUES (77, 'blanditiis', '2014-05-04 05:09:01');
INSERT INTO `friendship_statuses` (`id`, `name`, `created_at`) VALUES (78, 'optio', '2016-05-17 05:34:35');
INSERT INTO `friendship_statuses` (`id`, `name`, `created_at`) VALUES (79, 'neque', '2015-09-18 16:22:51');
INSERT INTO `friendship_statuses` (`id`, `name`, `created_at`) VALUES (80, 'iste', '2012-04-12 20:33:38');
INSERT INTO `friendship_statuses` (`id`, `name`, `created_at`) VALUES (81, 'magni', '2010-08-09 07:26:00');
INSERT INTO `friendship_statuses` (`id`, `name`, `created_at`) VALUES (82, 'hic', '2015-04-30 08:56:59');
INSERT INTO `friendship_statuses` (`id`, `name`, `created_at`) VALUES (83, 'beatae', '2017-07-03 16:48:26');
INSERT INTO `friendship_statuses` (`id`, `name`, `created_at`) VALUES (84, 'laboriosam', '2010-03-11 20:51:52');
INSERT INTO `friendship_statuses` (`id`, `name`, `created_at`) VALUES (85, 'maxime', '2015-03-04 22:27:49');
INSERT INTO `friendship_statuses` (`id`, `name`, `created_at`) VALUES (86, 'praesentium', '2014-08-19 21:43:29');
INSERT INTO `friendship_statuses` (`id`, `name`, `created_at`) VALUES (87, 'dolor', '2016-09-28 18:53:27');
INSERT INTO `friendship_statuses` (`id`, `name`, `created_at`) VALUES (88, 'facilis', '2012-04-20 19:39:51');
INSERT INTO `friendship_statuses` (`id`, `name`, `created_at`) VALUES (89, 'velit', '2016-09-16 14:58:23');
INSERT INTO `friendship_statuses` (`id`, `name`, `created_at`) VALUES (90, 'nisi', '2010-03-19 09:58:41');
INSERT INTO `friendship_statuses` (`id`, `name`, `created_at`) VALUES (91, 'corrupti', '2019-03-18 22:05:43');
INSERT INTO `friendship_statuses` (`id`, `name`, `created_at`) VALUES (92, 'nemo', '2010-05-21 13:18:57');
INSERT INTO `friendship_statuses` (`id`, `name`, `created_at`) VALUES (93, 'ratione', '2016-06-01 16:16:40');
INSERT INTO `friendship_statuses` (`id`, `name`, `created_at`) VALUES (94, 'nulla', '2014-07-23 13:59:19');
INSERT INTO `friendship_statuses` (`id`, `name`, `created_at`) VALUES (95, 'cum', '2017-12-14 07:14:15');
INSERT INTO `friendship_statuses` (`id`, `name`, `created_at`) VALUES (96, 'adipisci', '2015-09-29 04:14:54');
INSERT INTO `friendship_statuses` (`id`, `name`, `created_at`) VALUES (97, 'maiores', '2017-03-09 10:54:03');
INSERT INTO `friendship_statuses` (`id`, `name`, `created_at`) VALUES (98, 'veniam', '2017-05-15 14:05:26');
INSERT INTO `friendship_statuses` (`id`, `name`, `created_at`) VALUES (99, 'eius', '2017-09-25 06:51:23');
INSERT INTO `friendship_statuses` (`id`, `name`, `created_at`) VALUES (100, 'aperiam', '2019-09-29 10:27:53');


#
# TABLE STRUCTURE FOR: media
#

DROP TABLE IF EXISTS `media`;

CREATE TABLE `media` (
  `id` int(10) unsigned NOT NULL AUTO_INCREMENT,
  `media_type_id` int(10) unsigned NOT NULL,
  `user_id` int(10) unsigned NOT NULL,
  `filename` varchar(255) COLLATE utf8_unicode_ci NOT NULL,
  `size` int(11) NOT NULL,
  `metadata` longtext CHARACTER SET utf8mb4 COLLATE utf8mb4_bin DEFAULT NULL,
  `created_at` datetime DEFAULT current_timestamp(),
  `updated_at` datetime DEFAULT current_timestamp() ON UPDATE current_timestamp(),
  PRIMARY KEY (`id`)
) ENGINE=InnoDB AUTO_INCREMENT=101 DEFAULT CHARSET=utf8 COLLATE=utf8_unicode_ci;

INSERT INTO `media` (`id`, `media_type_id`, `user_id`, `filename`, `size`, `metadata`, `created_at`, `updated_at`) VALUES (1, 1, 1, 'mollitia', 65, 'application/x-7z-compressed', '2005-07-18 15:43:30', '1978-02-07 22:35:11');
INSERT INTO `media` (`id`, `media_type_id`, `user_id`, `filename`, `size`, `metadata`, `created_at`, `updated_at`) VALUES (2, 2, 2, 'qui', 705, 'model/vnd.gtw', '1953-04-09 07:15:01', '1979-10-20 04:52:16');
INSERT INTO `media` (`id`, `media_type_id`, `user_id`, `filename`, `size`, `metadata`, `created_at`, `updated_at`) VALUES (3, 3, 3, 'quos', 4, 'application/x-dgc-compressed', '1980-06-06 01:25:18', '1969-03-23 21:59:49');
INSERT INTO `media` (`id`, `media_type_id`, `user_id`, `filename`, `size`, `metadata`, `created_at`, `updated_at`) VALUES (4, 4, 4, 'eius', 2797, 'application/x-subrip', '1985-12-19 23:52:26', '1924-12-17 00:57:09');
INSERT INTO `media` (`id`, `media_type_id`, `user_id`, `filename`, `size`, `metadata`, `created_at`, `updated_at`) VALUES (5, 5, 5, 'sequi', 699, 'application/x-texinfo', '1926-08-01 23:53:17', '1926-12-02 21:35:07');
INSERT INTO `media` (`id`, `media_type_id`, `user_id`, `filename`, `size`, `metadata`, `created_at`, `updated_at`) VALUES (6, 6, 6, 'nihil', 312531, 'application/vnd.semf', '1991-04-16 02:27:32', '1968-10-20 06:37:56');
INSERT INTO `media` (`id`, `media_type_id`, `user_id`, `filename`, `size`, `metadata`, `created_at`, `updated_at`) VALUES (7, 7, 7, 'est', 388187, 'application/mods+xml', '1957-05-04 19:45:58', '1973-04-21 10:01:17');
INSERT INTO `media` (`id`, `media_type_id`, `user_id`, `filename`, `size`, `metadata`, `created_at`, `updated_at`) VALUES (8, 8, 8, 'dolorem', 94, 'application/vnd.ezpix-package', '1971-09-24 23:57:35', '1925-12-12 17:02:59');
INSERT INTO `media` (`id`, `media_type_id`, `user_id`, `filename`, `size`, `metadata`, `created_at`, `updated_at`) VALUES (9, 9, 9, 'velit', 7, 'application/reginfo+xml', '2004-05-25 18:54:56', '1948-09-12 01:35:55');
INSERT INTO `media` (`id`, `media_type_id`, `user_id`, `filename`, `size`, `metadata`, `created_at`, `updated_at`) VALUES (10, 10, 10, 'asperiores', 2, 'application/pkixcmp', '1998-08-25 07:26:00', '2001-02-05 22:22:26');
INSERT INTO `media` (`id`, `media_type_id`, `user_id`, `filename`, `size`, `metadata`, `created_at`, `updated_at`) VALUES (11, 11, 11, 'ullam', 6, 'application/x-ms-xbap', '1995-10-30 11:02:21', '1968-01-09 03:20:43');
INSERT INTO `media` (`id`, `media_type_id`, `user_id`, `filename`, `size`, `metadata`, `created_at`, `updated_at`) VALUES (12, 12, 12, 'accusantium', 47271817, 'application/vnd.sun.xml.writer', '1957-03-06 23:51:47', '2004-01-12 22:16:07');
INSERT INTO `media` (`id`, `media_type_id`, `user_id`, `filename`, `size`, `metadata`, `created_at`, `updated_at`) VALUES (13, 13, 13, 'hic', 83067011, 'application/msword', '1996-09-22 01:34:22', '1934-01-27 20:01:24');
INSERT INTO `media` (`id`, `media_type_id`, `user_id`, `filename`, `size`, `metadata`, `created_at`, `updated_at`) VALUES (14, 14, 14, 'odio', 4, 'application/vnd.dpgraph', '1993-08-05 10:32:47', '1923-11-10 17:40:17');
INSERT INTO `media` (`id`, `media_type_id`, `user_id`, `filename`, `size`, `metadata`, `created_at`, `updated_at`) VALUES (15, 15, 15, 'perferendis', 250516, 'application/vnd.tmobile-livetv', '1995-07-10 08:05:15', '1937-10-04 10:17:24');
INSERT INTO `media` (`id`, `media_type_id`, `user_id`, `filename`, `size`, `metadata`, `created_at`, `updated_at`) VALUES (16, 16, 16, 'tempora', 36, 'application/rss+xml', '1946-05-23 19:59:49', '1957-05-06 07:14:33');
INSERT INTO `media` (`id`, `media_type_id`, `user_id`, `filename`, `size`, `metadata`, `created_at`, `updated_at`) VALUES (17, 17, 17, 'mollitia', 0, 'application/vnd.ds-keypoint', '1971-11-09 05:48:56', '1977-02-02 09:14:49');
INSERT INTO `media` (`id`, `media_type_id`, `user_id`, `filename`, `size`, `metadata`, `created_at`, `updated_at`) VALUES (18, 18, 18, 'deleniti', 404542179, 'image/x-mrsid-image', '1978-01-26 20:01:06', '1932-03-11 12:16:22');
INSERT INTO `media` (`id`, `media_type_id`, `user_id`, `filename`, `size`, `metadata`, `created_at`, `updated_at`) VALUES (19, 19, 19, 'molestias', 9813154, 'application/x-hdf', '1997-02-15 22:26:44', '1941-03-05 09:21:22');
INSERT INTO `media` (`id`, `media_type_id`, `user_id`, `filename`, `size`, `metadata`, `created_at`, `updated_at`) VALUES (20, 20, 20, 'illum', 922504288, 'application/vnd.dynageo', '2017-08-04 13:54:20', '1961-03-04 00:43:53');
INSERT INTO `media` (`id`, `media_type_id`, `user_id`, `filename`, `size`, `metadata`, `created_at`, `updated_at`) VALUES (21, 21, 21, 'quia', 5984, 'application/x-font-woff', '1958-11-05 23:56:49', '1943-02-03 15:47:07');
INSERT INTO `media` (`id`, `media_type_id`, `user_id`, `filename`, `size`, `metadata`, `created_at`, `updated_at`) VALUES (22, 22, 22, 'assumenda', 36405751, 'application/x-xliff+xml', '1973-10-21 20:23:00', '2013-12-26 02:47:48');
INSERT INTO `media` (`id`, `media_type_id`, `user_id`, `filename`, `size`, `metadata`, `created_at`, `updated_at`) VALUES (23, 23, 23, 'qui', 6371, 'application/vnd.ms-artgalry', '1978-03-10 18:31:09', '2006-04-19 02:22:37');
INSERT INTO `media` (`id`, `media_type_id`, `user_id`, `filename`, `size`, `metadata`, `created_at`, `updated_at`) VALUES (24, 24, 24, 'omnis', 5238671, 'application/x-java-jnlp-file', '1996-02-13 08:52:03', '1947-11-03 10:30:15');
INSERT INTO `media` (`id`, `media_type_id`, `user_id`, `filename`, `size`, `metadata`, `created_at`, `updated_at`) VALUES (25, 25, 25, 'natus', 1381, 'application/rtf', '1926-06-06 15:46:30', '1974-12-05 23:56:03');
INSERT INTO `media` (`id`, `media_type_id`, `user_id`, `filename`, `size`, `metadata`, `created_at`, `updated_at`) VALUES (26, 26, 26, 'odit', 343, 'audio/x-ms-wax', '1958-03-29 09:46:15', '1998-12-05 08:50:33');
INSERT INTO `media` (`id`, `media_type_id`, `user_id`, `filename`, `size`, `metadata`, `created_at`, `updated_at`) VALUES (27, 27, 27, 'eum', 2228, 'video/ogg', '1975-04-11 03:43:30', '2008-05-17 12:24:54');
INSERT INTO `media` (`id`, `media_type_id`, `user_id`, `filename`, `size`, `metadata`, `created_at`, `updated_at`) VALUES (28, 28, 28, 'officiis', 39056, 'application/x-bzip', '2005-03-22 03:58:44', '1976-08-24 08:15:17');
INSERT INTO `media` (`id`, `media_type_id`, `user_id`, `filename`, `size`, `metadata`, `created_at`, `updated_at`) VALUES (29, 29, 29, 'quod', 7546489, 'application/vnd.sun.xml.writer.global', '1926-09-25 03:30:49', '2017-07-27 17:30:07');
INSERT INTO `media` (`id`, `media_type_id`, `user_id`, `filename`, `size`, `metadata`, `created_at`, `updated_at`) VALUES (30, 30, 30, 'architecto', 930819, 'application/x-msdownload', '2004-08-15 06:04:34', '1990-03-11 20:41:19');
INSERT INTO `media` (`id`, `media_type_id`, `user_id`, `filename`, `size`, `metadata`, `created_at`, `updated_at`) VALUES (31, 31, 31, 'qui', 940, 'application/vnd.ms-powerpoint', '1936-02-28 04:17:15', '1993-02-19 02:11:20');
INSERT INTO `media` (`id`, `media_type_id`, `user_id`, `filename`, `size`, `metadata`, `created_at`, `updated_at`) VALUES (32, 32, 32, 'quis', 5768, 'application/x-ms-wmz', '1940-07-22 00:34:00', '2014-12-05 08:35:02');
INSERT INTO `media` (`id`, `media_type_id`, `user_id`, `filename`, `size`, `metadata`, `created_at`, `updated_at`) VALUES (33, 33, 33, 'et', 723, 'application/vnd.adobe.xfdf', '1921-09-11 20:51:22', '2002-03-08 06:57:02');
INSERT INTO `media` (`id`, `media_type_id`, `user_id`, `filename`, `size`, `metadata`, `created_at`, `updated_at`) VALUES (34, 34, 34, 'cupiditate', 74473, 'image/x-portable-anymap', '1996-10-28 22:57:18', '2000-01-19 09:05:13');
INSERT INTO `media` (`id`, `media_type_id`, `user_id`, `filename`, `size`, `metadata`, `created_at`, `updated_at`) VALUES (35, 35, 35, 'facilis', 8280542, 'application/vnd.iccprofile', '1941-10-24 10:54:28', '1979-04-05 13:44:57');
INSERT INTO `media` (`id`, `media_type_id`, `user_id`, `filename`, `size`, `metadata`, `created_at`, `updated_at`) VALUES (36, 36, 36, 'pariatur', 5206997, 'application/vnd.rn-realmedia', '1953-11-25 15:32:28', '1996-06-04 12:13:51');
INSERT INTO `media` (`id`, `media_type_id`, `user_id`, `filename`, `size`, `metadata`, `created_at`, `updated_at`) VALUES (37, 37, 37, 'aut', 662592717, 'application/java-archive', '1947-10-08 15:35:59', '1989-01-16 14:34:02');
INSERT INTO `media` (`id`, `media_type_id`, `user_id`, `filename`, `size`, `metadata`, `created_at`, `updated_at`) VALUES (38, 38, 38, 'et', 0, 'text/x-opml', '1930-12-10 02:06:12', '1955-12-23 15:05:51');
INSERT INTO `media` (`id`, `media_type_id`, `user_id`, `filename`, `size`, `metadata`, `created_at`, `updated_at`) VALUES (39, 39, 39, 'labore', 4976220, 'audio/x-aiff', '1923-07-22 00:33:31', '1974-12-16 22:10:16');
INSERT INTO `media` (`id`, `media_type_id`, `user_id`, `filename`, `size`, `metadata`, `created_at`, `updated_at`) VALUES (40, 40, 40, 'ratione', 272167, 'application/vnd.sun.xml.writer', '2013-02-09 03:23:06', '1962-05-02 04:26:11');
INSERT INTO `media` (`id`, `media_type_id`, `user_id`, `filename`, `size`, `metadata`, `created_at`, `updated_at`) VALUES (41, 41, 41, 'ipsa', 0, 'application/x-tads', '1940-09-17 22:42:56', '1932-07-20 02:38:36');
INSERT INTO `media` (`id`, `media_type_id`, `user_id`, `filename`, `size`, `metadata`, `created_at`, `updated_at`) VALUES (42, 42, 42, 'quod', 757022, 'application/vnd.dolby.mlp', '1999-08-18 05:05:52', '1930-05-21 21:19:51');
INSERT INTO `media` (`id`, `media_type_id`, `user_id`, `filename`, `size`, `metadata`, `created_at`, `updated_at`) VALUES (43, 43, 43, 'illo', 6199, 'application/vnd.las.las+xml', '1925-11-17 01:25:55', '2001-09-27 12:26:38');
INSERT INTO `media` (`id`, `media_type_id`, `user_id`, `filename`, `size`, `metadata`, `created_at`, `updated_at`) VALUES (44, 44, 44, 'eligendi', 1, 'image/svg+xml', '1957-10-25 02:35:51', '1963-03-10 03:42:48');
INSERT INTO `media` (`id`, `media_type_id`, `user_id`, `filename`, `size`, `metadata`, `created_at`, `updated_at`) VALUES (45, 45, 45, 'nulla', 6412999, 'video/x-f4v', '1987-02-05 06:29:50', '2016-01-01 08:06:50');
INSERT INTO `media` (`id`, `media_type_id`, `user_id`, `filename`, `size`, `metadata`, `created_at`, `updated_at`) VALUES (46, 46, 46, 'consequatur', 329, 'application/vnd.wqd', '1941-01-10 10:58:30', '1991-07-06 03:40:40');
INSERT INTO `media` (`id`, `media_type_id`, `user_id`, `filename`, `size`, `metadata`, `created_at`, `updated_at`) VALUES (47, 47, 47, 'porro', 9633, 'text/vnd.curl.dcurl', '1958-06-28 15:46:44', '1975-06-18 10:06:34');
INSERT INTO `media` (`id`, `media_type_id`, `user_id`, `filename`, `size`, `metadata`, `created_at`, `updated_at`) VALUES (48, 48, 48, 'omnis', 798, 'audio/x-caf', '1967-07-22 08:00:12', '1978-01-13 22:13:25');
INSERT INTO `media` (`id`, `media_type_id`, `user_id`, `filename`, `size`, `metadata`, `created_at`, `updated_at`) VALUES (49, 49, 49, 'quo', 577144, 'application/vnd.ezpix-package', '1998-06-15 15:31:59', '1976-12-26 21:36:41');
INSERT INTO `media` (`id`, `media_type_id`, `user_id`, `filename`, `size`, `metadata`, `created_at`, `updated_at`) VALUES (50, 50, 50, 'quod', 0, 'video/webm', '1972-05-29 21:50:23', '1978-10-04 02:44:40');
INSERT INTO `media` (`id`, `media_type_id`, `user_id`, `filename`, `size`, `metadata`, `created_at`, `updated_at`) VALUES (51, 51, 51, 'assumenda', 0, 'text/vcard', '1991-09-23 21:04:42', '2014-05-10 19:36:36');
INSERT INTO `media` (`id`, `media_type_id`, `user_id`, `filename`, `size`, `metadata`, `created_at`, `updated_at`) VALUES (52, 52, 52, 'consequatur', 7064846, 'application/vnd.rim.cod', '1951-07-20 13:30:35', '1920-04-16 12:27:12');
INSERT INTO `media` (`id`, `media_type_id`, `user_id`, `filename`, `size`, `metadata`, `created_at`, `updated_at`) VALUES (53, 53, 53, 'doloremque', 9, 'application/vnd.epson.esf', '1943-09-21 06:23:58', '1939-12-03 10:11:23');
INSERT INTO `media` (`id`, `media_type_id`, `user_id`, `filename`, `size`, `metadata`, `created_at`, `updated_at`) VALUES (54, 54, 54, 'ratione', 4016, 'application/pgp-signature', '1945-10-30 09:05:42', '1996-07-27 21:38:06');
INSERT INTO `media` (`id`, `media_type_id`, `user_id`, `filename`, `size`, `metadata`, `created_at`, `updated_at`) VALUES (55, 55, 55, 'et', 6369, 'application/vnd.kde.kword', '1931-11-08 00:36:44', '1975-12-21 10:44:47');
INSERT INTO `media` (`id`, `media_type_id`, `user_id`, `filename`, `size`, `metadata`, `created_at`, `updated_at`) VALUES (56, 56, 56, 'eius', 52314, 'image/vnd.net-fpx', '1971-08-15 04:10:35', '1965-07-14 12:45:11');
INSERT INTO `media` (`id`, `media_type_id`, `user_id`, `filename`, `size`, `metadata`, `created_at`, `updated_at`) VALUES (57, 57, 57, 'et', 8839726, 'video/h263', '1992-09-01 05:37:22', '1956-02-25 23:37:23');
INSERT INTO `media` (`id`, `media_type_id`, `user_id`, `filename`, `size`, `metadata`, `created_at`, `updated_at`) VALUES (58, 58, 58, 'molestiae', 3, 'text/vnd.wap.wmlscript', '2005-01-17 04:31:36', '1929-03-24 21:15:42');
INSERT INTO `media` (`id`, `media_type_id`, `user_id`, `filename`, `size`, `metadata`, `created_at`, `updated_at`) VALUES (59, 59, 59, 'natus', 3155, 'application/vnd.kde.kpresenter', '1941-09-03 21:53:59', '1961-07-15 09:59:30');
INSERT INTO `media` (`id`, `media_type_id`, `user_id`, `filename`, `size`, `metadata`, `created_at`, `updated_at`) VALUES (60, 60, 60, 'dolores', 8818437, 'image/vnd.dece.graphic', '2007-09-17 12:58:29', '1936-10-12 04:01:11');
INSERT INTO `media` (`id`, `media_type_id`, `user_id`, `filename`, `size`, `metadata`, `created_at`, `updated_at`) VALUES (61, 61, 61, 'rerum', 85543, 'text/vnd.wap.wml', '1931-07-15 15:01:41', '2001-07-06 21:07:53');
INSERT INTO `media` (`id`, `media_type_id`, `user_id`, `filename`, `size`, `metadata`, `created_at`, `updated_at`) VALUES (62, 62, 62, 'sint', 68830409, 'application/vnd.xara', '2002-11-15 21:28:59', '2019-09-16 04:21:13');
INSERT INTO `media` (`id`, `media_type_id`, `user_id`, `filename`, `size`, `metadata`, `created_at`, `updated_at`) VALUES (63, 63, 63, 'nesciunt', 97298055, 'application/pgp-encrypted', '2001-03-01 08:45:32', '1961-08-25 20:16:24');
INSERT INTO `media` (`id`, `media_type_id`, `user_id`, `filename`, `size`, `metadata`, `created_at`, `updated_at`) VALUES (64, 64, 64, 'eaque', 31876, 'image/vnd.fpx', '1973-12-16 08:08:08', '1987-08-24 05:15:25');
INSERT INTO `media` (`id`, `media_type_id`, `user_id`, `filename`, `size`, `metadata`, `created_at`, `updated_at`) VALUES (65, 65, 65, 'aut', 43766, 'application/x-tex-tfm', '2009-12-21 15:56:21', '1948-09-19 08:01:39');
INSERT INTO `media` (`id`, `media_type_id`, `user_id`, `filename`, `size`, `metadata`, `created_at`, `updated_at`) VALUES (66, 66, 66, 'nisi', 711, 'video/x-ms-wvx', '1977-04-17 15:59:54', '1952-10-10 22:23:21');
INSERT INTO `media` (`id`, `media_type_id`, `user_id`, `filename`, `size`, `metadata`, `created_at`, `updated_at`) VALUES (67, 67, 67, 'et', 22031152, 'application/x-cpio', '1930-08-17 11:41:36', '2019-07-15 17:13:02');
INSERT INTO `media` (`id`, `media_type_id`, `user_id`, `filename`, `size`, `metadata`, `created_at`, `updated_at`) VALUES (68, 68, 68, 'eos', 0, 'application/vnd.ibm.minipay', '1936-02-16 19:12:06', '1939-04-29 00:01:33');
INSERT INTO `media` (`id`, `media_type_id`, `user_id`, `filename`, `size`, `metadata`, `created_at`, `updated_at`) VALUES (69, 69, 69, 'repellendus', 20675068, 'text/uri-list', '1975-10-12 16:35:51', '1975-06-17 05:45:57');
INSERT INTO `media` (`id`, `media_type_id`, `user_id`, `filename`, `size`, `metadata`, `created_at`, `updated_at`) VALUES (70, 70, 70, 'laudantium', 927600495, 'application/x-bittorrent', '1921-11-24 03:40:31', '2015-03-07 15:30:44');
INSERT INTO `media` (`id`, `media_type_id`, `user_id`, `filename`, `size`, `metadata`, `created_at`, `updated_at`) VALUES (71, 71, 71, 'et', 0, 'application/x-t3vm-image', '2008-12-26 06:01:27', '1972-10-14 02:45:00');
INSERT INTO `media` (`id`, `media_type_id`, `user_id`, `filename`, `size`, `metadata`, `created_at`, `updated_at`) VALUES (72, 72, 72, 'eius', 279, 'text/vnd.fly', '1930-06-29 02:35:14', '1956-06-19 11:38:19');
INSERT INTO `media` (`id`, `media_type_id`, `user_id`, `filename`, `size`, `metadata`, `created_at`, `updated_at`) VALUES (73, 73, 73, 'aliquid', 278106281, 'application/vnd.dvb.service', '2002-08-16 05:00:38', '2006-09-11 18:02:41');
INSERT INTO `media` (`id`, `media_type_id`, `user_id`, `filename`, `size`, `metadata`, `created_at`, `updated_at`) VALUES (74, 74, 74, 'libero', 1824, 'image/png', '1964-05-12 05:01:16', '1940-02-19 19:28:58');
INSERT INTO `media` (`id`, `media_type_id`, `user_id`, `filename`, `size`, `metadata`, `created_at`, `updated_at`) VALUES (75, 75, 75, 'consequatur', 21, 'image/x-xpixmap', '1935-06-07 05:59:21', '1950-10-28 19:26:52');
INSERT INTO `media` (`id`, `media_type_id`, `user_id`, `filename`, `size`, `metadata`, `created_at`, `updated_at`) VALUES (76, 76, 76, 'optio', 832, 'model/x3d+xml', '1999-04-26 19:54:23', '1930-05-12 03:11:08');
INSERT INTO `media` (`id`, `media_type_id`, `user_id`, `filename`, `size`, `metadata`, `created_at`, `updated_at`) VALUES (77, 77, 77, 'velit', 805, 'image/vnd.dwg', '1927-03-22 14:07:05', '2000-08-09 01:58:38');
INSERT INTO `media` (`id`, `media_type_id`, `user_id`, `filename`, `size`, `metadata`, `created_at`, `updated_at`) VALUES (78, 78, 78, 'itaque', 0, 'image/svg+xml', '1957-08-07 11:28:18', '1974-05-01 06:40:41');
INSERT INTO `media` (`id`, `media_type_id`, `user_id`, `filename`, `size`, `metadata`, `created_at`, `updated_at`) VALUES (79, 79, 79, 'itaque', 5618139, 'application/vnd.ms-project', '2013-04-13 02:14:19', '1983-06-19 16:57:54');
INSERT INTO `media` (`id`, `media_type_id`, `user_id`, `filename`, `size`, `metadata`, `created_at`, `updated_at`) VALUES (80, 80, 80, 'aut', 660, 'application/vnd.olpc-sugar', '1980-04-09 11:31:52', '2014-02-08 19:22:02');
INSERT INTO `media` (`id`, `media_type_id`, `user_id`, `filename`, `size`, `metadata`, `created_at`, `updated_at`) VALUES (81, 81, 81, 'ut', 621081, 'application/rss+xml', '1920-11-08 10:48:51', '1923-10-12 16:22:13');
INSERT INTO `media` (`id`, `media_type_id`, `user_id`, `filename`, `size`, `metadata`, `created_at`, `updated_at`) VALUES (82, 82, 82, 'voluptatem', 47939494, 'application/vnd.oasis.opendocument.graphics', '2002-08-03 12:15:35', '2013-12-28 11:59:53');
INSERT INTO `media` (`id`, `media_type_id`, `user_id`, `filename`, `size`, `metadata`, `created_at`, `updated_at`) VALUES (83, 83, 83, 'eligendi', 70297399, 'application/vnd.adobe.air-application-installer-package+zip', '1920-09-10 16:17:44', '1923-07-10 22:42:10');
INSERT INTO `media` (`id`, `media_type_id`, `user_id`, `filename`, `size`, `metadata`, `created_at`, `updated_at`) VALUES (84, 84, 84, 'facilis', 60538939, 'application/x-freearc', '1977-07-21 17:22:29', '1968-08-12 02:02:59');
INSERT INTO `media` (`id`, `media_type_id`, `user_id`, `filename`, `size`, `metadata`, `created_at`, `updated_at`) VALUES (85, 85, 85, 'ipsam', 22520, 'application/vnd.sun.xml.writer.global', '1963-02-11 06:00:45', '2008-12-09 15:40:50');
INSERT INTO `media` (`id`, `media_type_id`, `user_id`, `filename`, `size`, `metadata`, `created_at`, `updated_at`) VALUES (86, 86, 86, 'error', 5882137, 'application/vnd.adobe.xdp+xml', '1965-05-25 06:50:09', '1994-08-06 16:11:01');
INSERT INTO `media` (`id`, `media_type_id`, `user_id`, `filename`, `size`, `metadata`, `created_at`, `updated_at`) VALUES (87, 87, 87, 'repudiandae', 4590, 'application/vnd.dreamfactory', '1935-09-13 16:52:37', '1946-08-06 23:42:46');
INSERT INTO `media` (`id`, `media_type_id`, `user_id`, `filename`, `size`, `metadata`, `created_at`, `updated_at`) VALUES (88, 88, 88, 'odit', 233458, 'text/vnd.curl.dcurl', '1943-07-02 16:02:11', '2007-02-03 06:13:44');
INSERT INTO `media` (`id`, `media_type_id`, `user_id`, `filename`, `size`, `metadata`, `created_at`, `updated_at`) VALUES (89, 89, 89, 'ut', 474, 'audio/x-flac', '1978-07-25 01:44:46', '1961-10-11 16:56:08');
INSERT INTO `media` (`id`, `media_type_id`, `user_id`, `filename`, `size`, `metadata`, `created_at`, `updated_at`) VALUES (90, 90, 90, 'voluptate', 8093, 'application/vnd.rn-realmedia', '2011-03-29 04:24:12', '1957-07-14 07:04:38');
INSERT INTO `media` (`id`, `media_type_id`, `user_id`, `filename`, `size`, `metadata`, `created_at`, `updated_at`) VALUES (91, 91, 91, 'illo', 318525317, 'text/x-vcalendar', '1956-08-25 18:58:25', '1999-03-11 03:31:38');
INSERT INTO `media` (`id`, `media_type_id`, `user_id`, `filename`, `size`, `metadata`, `created_at`, `updated_at`) VALUES (92, 92, 92, 'alias', 93645341, 'audio/x-ms-wax', '1962-10-20 08:53:43', '1936-05-27 16:24:54');
INSERT INTO `media` (`id`, `media_type_id`, `user_id`, `filename`, `size`, `metadata`, `created_at`, `updated_at`) VALUES (93, 93, 93, 'eaque', 13509, 'application/vnd.wap.wmlscriptc', '2000-01-11 05:57:44', '1996-03-01 08:57:51');
INSERT INTO `media` (`id`, `media_type_id`, `user_id`, `filename`, `size`, `metadata`, `created_at`, `updated_at`) VALUES (94, 94, 94, 'maxime', 2724688, 'application/vnd.wolfram.player', '1954-06-25 18:12:38', '1985-09-11 20:28:25');
INSERT INTO `media` (`id`, `media_type_id`, `user_id`, `filename`, `size`, `metadata`, `created_at`, `updated_at`) VALUES (95, 95, 95, 'et', 452035, 'application/vnd.dece.data', '1930-07-14 11:00:01', '1992-12-14 19:31:19');
INSERT INTO `media` (`id`, `media_type_id`, `user_id`, `filename`, `size`, `metadata`, `created_at`, `updated_at`) VALUES (96, 96, 96, 'cum', 380155, 'application/vnd.llamagraphics.life-balance.exchange+xml', '1932-10-11 15:53:29', '2018-02-25 19:23:16');
INSERT INTO `media` (`id`, `media_type_id`, `user_id`, `filename`, `size`, `metadata`, `created_at`, `updated_at`) VALUES (97, 97, 97, 'blanditiis', 38984, 'application/winhlp', '1938-12-18 10:27:45', '1938-10-04 07:14:41');
INSERT INTO `media` (`id`, `media_type_id`, `user_id`, `filename`, `size`, `metadata`, `created_at`, `updated_at`) VALUES (98, 98, 98, 'modi', 9, 'application/x-msclip', '1977-05-25 14:30:26', '1994-06-02 22:52:24');
INSERT INTO `media` (`id`, `media_type_id`, `user_id`, `filename`, `size`, `metadata`, `created_at`, `updated_at`) VALUES (99, 99, 99, 'quasi', 37, 'application/vnd.symbian.install', '1922-11-17 00:18:17', '1947-11-25 19:20:50');
INSERT INTO `media` (`id`, `media_type_id`, `user_id`, `filename`, `size`, `metadata`, `created_at`, `updated_at`) VALUES (100, 100, 100, 'tempore', 0, 'image/vnd.ms-photo', '1971-06-21 00:47:36', '1975-12-01 08:40:03');


#
# TABLE STRUCTURE FOR: media_types
#

DROP TABLE IF EXISTS `media_types`;

CREATE TABLE `media_types` (
  `id` int(10) unsigned NOT NULL AUTO_INCREMENT,
  `name` varchar(255) COLLATE utf8_unicode_ci NOT NULL,
  `created_at` datetime DEFAULT current_timestamp(),
  PRIMARY KEY (`id`),
  UNIQUE KEY `name` (`name`)
) ENGINE=InnoDB AUTO_INCREMENT=101 DEFAULT CHARSET=utf8 COLLATE=utf8_unicode_ci;

INSERT INTO `media_types` (`id`, `name`, `created_at`) VALUES (1, 'at', '2014-02-01 18:41:06');
INSERT INTO `media_types` (`id`, `name`, `created_at`) VALUES (2, 'ut', '2014-01-01 07:37:50');
INSERT INTO `media_types` (`id`, `name`, `created_at`) VALUES (3, 'illo', '2013-04-11 14:05:58');
INSERT INTO `media_types` (`id`, `name`, `created_at`) VALUES (4, 'tempora', '2019-02-19 16:33:46');
INSERT INTO `media_types` (`id`, `name`, `created_at`) VALUES (5, 'omnis', '2013-07-24 19:45:10');
INSERT INTO `media_types` (`id`, `name`, `created_at`) VALUES (6, 'fugiat', '2014-11-29 18:07:23');
INSERT INTO `media_types` (`id`, `name`, `created_at`) VALUES (7, 'velit', '2011-07-19 08:10:30');
INSERT INTO `media_types` (`id`, `name`, `created_at`) VALUES (8, 'qui', '2014-07-05 04:04:13');
INSERT INTO `media_types` (`id`, `name`, `created_at`) VALUES (9, 'doloremque', '2019-06-01 18:14:54');
INSERT INTO `media_types` (`id`, `name`, `created_at`) VALUES (10, 'odio', '2016-08-08 15:58:11');
INSERT INTO `media_types` (`id`, `name`, `created_at`) VALUES (11, 'non', '2011-05-20 17:05:31');
INSERT INTO `media_types` (`id`, `name`, `created_at`) VALUES (12, 'nisi', '2016-11-26 02:12:21');
INSERT INTO `media_types` (`id`, `name`, `created_at`) VALUES (13, 'natus', '2013-04-03 14:51:10');
INSERT INTO `media_types` (`id`, `name`, `created_at`) VALUES (14, 'quo', '2018-01-21 02:33:11');
INSERT INTO `media_types` (`id`, `name`, `created_at`) VALUES (15, 'et', '2015-10-21 17:07:14');
INSERT INTO `media_types` (`id`, `name`, `created_at`) VALUES (16, 'vitae', '2010-09-04 11:16:00');
INSERT INTO `media_types` (`id`, `name`, `created_at`) VALUES (17, 'esse', '2010-04-24 09:34:06');
INSERT INTO `media_types` (`id`, `name`, `created_at`) VALUES (18, 'repellendus', '2019-12-23 12:17:37');
INSERT INTO `media_types` (`id`, `name`, `created_at`) VALUES (19, 'blanditiis', '2014-11-07 14:31:01');
INSERT INTO `media_types` (`id`, `name`, `created_at`) VALUES (20, 'atque', '2012-04-16 23:36:31');
INSERT INTO `media_types` (`id`, `name`, `created_at`) VALUES (21, 'itaque', '2012-12-28 10:53:16');
INSERT INTO `media_types` (`id`, `name`, `created_at`) VALUES (22, 'sint', '2011-01-16 11:51:02');
INSERT INTO `media_types` (`id`, `name`, `created_at`) VALUES (23, 'exercitationem', '2019-11-20 09:45:18');
INSERT INTO `media_types` (`id`, `name`, `created_at`) VALUES (24, 'quos', '2012-12-09 01:40:34');
INSERT INTO `media_types` (`id`, `name`, `created_at`) VALUES (25, 'dolores', '2017-01-17 00:28:25');
INSERT INTO `media_types` (`id`, `name`, `created_at`) VALUES (26, 'ratione', '2017-04-27 17:15:34');
INSERT INTO `media_types` (`id`, `name`, `created_at`) VALUES (27, 'consequuntur', '2018-09-01 00:02:27');
INSERT INTO `media_types` (`id`, `name`, `created_at`) VALUES (28, 'quibusdam', '2017-02-17 15:35:06');
INSERT INTO `media_types` (`id`, `name`, `created_at`) VALUES (29, 'alias', '2016-01-12 23:02:58');
INSERT INTO `media_types` (`id`, `name`, `created_at`) VALUES (30, 'molestias', '2016-07-15 13:51:28');
INSERT INTO `media_types` (`id`, `name`, `created_at`) VALUES (31, 'aut', '2015-07-19 13:27:53');
INSERT INTO `media_types` (`id`, `name`, `created_at`) VALUES (32, 'numquam', '2013-12-02 15:07:44');
INSERT INTO `media_types` (`id`, `name`, `created_at`) VALUES (33, 'sunt', '2013-11-19 00:31:04');
INSERT INTO `media_types` (`id`, `name`, `created_at`) VALUES (34, 'delectus', '2017-08-23 22:08:53');
INSERT INTO `media_types` (`id`, `name`, `created_at`) VALUES (35, 'deserunt', '2017-05-31 05:16:49');
INSERT INTO `media_types` (`id`, `name`, `created_at`) VALUES (36, 'quis', '2011-06-16 00:53:18');
INSERT INTO `media_types` (`id`, `name`, `created_at`) VALUES (37, 'perspiciatis', '2019-01-03 04:59:46');
INSERT INTO `media_types` (`id`, `name`, `created_at`) VALUES (38, 'asperiores', '2011-09-21 10:04:20');
INSERT INTO `media_types` (`id`, `name`, `created_at`) VALUES (39, 'repudiandae', '2018-11-16 14:45:40');
INSERT INTO `media_types` (`id`, `name`, `created_at`) VALUES (40, 'consequatur', '2015-01-07 11:03:42');
INSERT INTO `media_types` (`id`, `name`, `created_at`) VALUES (41, 'assumenda', '2016-05-14 23:57:51');
INSERT INTO `media_types` (`id`, `name`, `created_at`) VALUES (42, 'veritatis', '2018-06-03 04:32:05');
INSERT INTO `media_types` (`id`, `name`, `created_at`) VALUES (43, 'voluptatem', '2017-05-19 10:01:37');
INSERT INTO `media_types` (`id`, `name`, `created_at`) VALUES (44, 'enim', '2019-02-18 21:22:28');
INSERT INTO `media_types` (`id`, `name`, `created_at`) VALUES (45, 'voluptates', '2016-08-26 08:53:28');
INSERT INTO `media_types` (`id`, `name`, `created_at`) VALUES (46, 'error', '2019-02-12 04:20:15');
INSERT INTO `media_types` (`id`, `name`, `created_at`) VALUES (47, 'voluptas', '2011-09-12 15:50:14');
INSERT INTO `media_types` (`id`, `name`, `created_at`) VALUES (48, 'quaerat', '2011-04-06 18:33:59');
INSERT INTO `media_types` (`id`, `name`, `created_at`) VALUES (49, 'iste', '2014-07-24 03:06:27');
INSERT INTO `media_types` (`id`, `name`, `created_at`) VALUES (50, 'eum', '2012-08-10 13:56:15');
INSERT INTO `media_types` (`id`, `name`, `created_at`) VALUES (51, 'similique', '2011-09-14 16:51:15');
INSERT INTO `media_types` (`id`, `name`, `created_at`) VALUES (52, 'inventore', '2019-05-15 15:04:18');
INSERT INTO `media_types` (`id`, `name`, `created_at`) VALUES (53, 'sed', '2017-08-16 02:44:17');
INSERT INTO `media_types` (`id`, `name`, `created_at`) VALUES (54, 'excepturi', '2016-05-22 19:52:22');
INSERT INTO `media_types` (`id`, `name`, `created_at`) VALUES (55, 'ea', '2016-10-11 20:04:32');
INSERT INTO `media_types` (`id`, `name`, `created_at`) VALUES (56, 'consectetur', '2011-07-25 22:39:05');
INSERT INTO `media_types` (`id`, `name`, `created_at`) VALUES (57, 'est', '2014-05-04 23:52:18');
INSERT INTO `media_types` (`id`, `name`, `created_at`) VALUES (58, 'doloribus', '2011-12-25 03:33:46');
INSERT INTO `media_types` (`id`, `name`, `created_at`) VALUES (59, 'temporibus', '2012-02-21 17:22:26');
INSERT INTO `media_types` (`id`, `name`, `created_at`) VALUES (60, 'ad', '2014-01-15 17:33:57');
INSERT INTO `media_types` (`id`, `name`, `created_at`) VALUES (61, 'in', '2017-03-01 05:15:27');
INSERT INTO `media_types` (`id`, `name`, `created_at`) VALUES (62, 'minima', '2010-07-21 23:24:17');
INSERT INTO `media_types` (`id`, `name`, `created_at`) VALUES (63, 'iure', '2013-02-27 10:56:22');
INSERT INTO `media_types` (`id`, `name`, `created_at`) VALUES (64, 'sit', '2019-11-12 06:16:52');
INSERT INTO `media_types` (`id`, `name`, `created_at`) VALUES (65, 'voluptatum', '2010-03-19 00:18:02');
INSERT INTO `media_types` (`id`, `name`, `created_at`) VALUES (66, 'nam', '2010-10-29 01:55:35');
INSERT INTO `media_types` (`id`, `name`, `created_at`) VALUES (67, 'ducimus', '2010-04-08 02:03:26');
INSERT INTO `media_types` (`id`, `name`, `created_at`) VALUES (68, 'dolorem', '2019-08-01 20:32:42');
INSERT INTO `media_types` (`id`, `name`, `created_at`) VALUES (69, 'quisquam', '2012-06-11 00:49:00');
INSERT INTO `media_types` (`id`, `name`, `created_at`) VALUES (70, 'totam', '2012-04-18 20:47:06');
INSERT INTO `media_types` (`id`, `name`, `created_at`) VALUES (71, 'repellat', '2019-07-27 21:30:15');
INSERT INTO `media_types` (`id`, `name`, `created_at`) VALUES (72, 'eos', '2018-07-22 13:38:37');
INSERT INTO `media_types` (`id`, `name`, `created_at`) VALUES (73, 'aspernatur', '2010-04-14 18:03:28');
INSERT INTO `media_types` (`id`, `name`, `created_at`) VALUES (74, 'possimus', '2012-02-03 20:14:40');
INSERT INTO `media_types` (`id`, `name`, `created_at`) VALUES (75, 'maiores', '2015-05-19 01:14:04');
INSERT INTO `media_types` (`id`, `name`, `created_at`) VALUES (76, 'quia', '2016-03-06 02:46:17');
INSERT INTO `media_types` (`id`, `name`, `created_at`) VALUES (77, 'molestiae', '2016-06-14 04:01:21');
INSERT INTO `media_types` (`id`, `name`, `created_at`) VALUES (78, 'eveniet', '2017-09-25 12:08:19');
INSERT INTO `media_types` (`id`, `name`, `created_at`) VALUES (79, 'ipsa', '2016-03-11 08:37:55');
INSERT INTO `media_types` (`id`, `name`, `created_at`) VALUES (80, 'accusantium', '2013-04-17 06:47:08');
INSERT INTO `media_types` (`id`, `name`, `created_at`) VALUES (81, 'explicabo', '2011-11-13 20:01:26');
INSERT INTO `media_types` (`id`, `name`, `created_at`) VALUES (82, 'dolorum', '2015-02-27 10:37:50');
INSERT INTO `media_types` (`id`, `name`, `created_at`) VALUES (83, 'mollitia', '2010-10-27 17:41:54');
INSERT INTO `media_types` (`id`, `name`, `created_at`) VALUES (84, 'quidem', '2010-09-21 02:25:48');
INSERT INTO `media_types` (`id`, `name`, `created_at`) VALUES (85, 'pariatur', '2010-07-17 23:34:52');
INSERT INTO `media_types` (`id`, `name`, `created_at`) VALUES (86, 'incidunt', '2016-01-28 17:52:53');
INSERT INTO `media_types` (`id`, `name`, `created_at`) VALUES (87, 'dolor', '2016-02-29 23:00:16');
INSERT INTO `media_types` (`id`, `name`, `created_at`) VALUES (88, 'debitis', '2014-09-01 06:42:13');
INSERT INTO `media_types` (`id`, `name`, `created_at`) VALUES (89, 'maxime', '2010-11-19 01:05:37');
INSERT INTO `media_types` (`id`, `name`, `created_at`) VALUES (90, 'rem', '2011-08-22 16:52:10');
INSERT INTO `media_types` (`id`, `name`, `created_at`) VALUES (91, 'recusandae', '2018-11-24 00:38:18');
INSERT INTO `media_types` (`id`, `name`, `created_at`) VALUES (92, 'autem', '2015-04-30 17:35:58');
INSERT INTO `media_types` (`id`, `name`, `created_at`) VALUES (93, 'libero', '2018-12-09 15:15:30');
INSERT INTO `media_types` (`id`, `name`, `created_at`) VALUES (94, 'suscipit', '2014-05-08 17:23:51');
INSERT INTO `media_types` (`id`, `name`, `created_at`) VALUES (95, 'voluptate', '2010-10-28 19:51:40');
INSERT INTO `media_types` (`id`, `name`, `created_at`) VALUES (96, 'cumque', '2011-05-15 17:04:45');
INSERT INTO `media_types` (`id`, `name`, `created_at`) VALUES (97, 'a', '2013-06-06 13:17:01');
INSERT INTO `media_types` (`id`, `name`, `created_at`) VALUES (98, 'saepe', '2017-08-04 10:51:08');
INSERT INTO `media_types` (`id`, `name`, `created_at`) VALUES (99, 'facere', '2013-02-16 11:52:53');
INSERT INTO `media_types` (`id`, `name`, `created_at`) VALUES (100, 'architecto', '2017-07-28 01:31:29');


#
# TABLE STRUCTURE FOR: messages
#

DROP TABLE IF EXISTS `messages`;

CREATE TABLE `messages` (
  `id` int(10) unsigned NOT NULL AUTO_INCREMENT,
  `from_user_id` int(10) unsigned NOT NULL,
  `to_user_id` int(10) unsigned NOT NULL,
  `body` text COLLATE utf8_unicode_ci NOT NULL,
  `is_important` tinyint(1) DEFAULT NULL,
  `is_delivered` tinyint(1) DEFAULT NULL,
  `created_at` datetime DEFAULT current_timestamp(),
  PRIMARY KEY (`id`)
) ENGINE=InnoDB AUTO_INCREMENT=101 DEFAULT CHARSET=utf8 COLLATE=utf8_unicode_ci;

INSERT INTO `messages` (`id`, `from_user_id`, `to_user_id`, `body`, `is_important`, `is_delivered`, `created_at`) VALUES (1, 1, 1, 'Latitude was, or Longitude either, but thought they were gardeners, or soldiers, or courtiers, or three times over to the King, looking round the thistle again; then the other, and making faces at.', 1, 1, '2014-01-17 19:04:28');
INSERT INTO `messages` (`id`, `from_user_id`, `to_user_id`, `body`, `is_important`, `is_delivered`, `created_at`) VALUES (2, 2, 2, 'And the moral of that is--\"The more there is of mine, the less there is of finding morals in things!\' Alice thought the whole place around her became alive with the next verse,\' the Gryphon repeated.', 1, 1, '2014-08-12 03:43:21');
INSERT INTO `messages` (`id`, `from_user_id`, `to_user_id`, `body`, `is_important`, `is_delivered`, `created_at`) VALUES (3, 3, 3, 'Alice, who had meanwhile been examining the roses. \'Off with her arms round it as you say \"What a pity!\"?\' the Rabbit was no time to be a very little use, as it lasted.) \'Then the eleventh day must.', 1, 1, '2011-11-18 14:38:57');
INSERT INTO `messages` (`id`, `from_user_id`, `to_user_id`, `body`, `is_important`, `is_delivered`, `created_at`) VALUES (4, 4, 4, 'SHE, of course,\' said the King, \'unless it was the BEST butter, you know.\' Alice had learnt several things of this ointment--one shilling the box-- Allow me to him: She gave me a pair of white kid.', 0, 0, '2010-08-14 20:24:22');
INSERT INTO `messages` (`id`, `from_user_id`, `to_user_id`, `body`, `is_important`, `is_delivered`, `created_at`) VALUES (5, 5, 5, 'Dormouse, who was trembling down to nine inches high. CHAPTER VI. Pig and Pepper For a minute or two the Caterpillar decidedly, and the shrill voice of the miserable Mock Turtle. \'Hold your tongue!\'.', 1, 0, '2013-11-22 09:33:18');
INSERT INTO `messages` (`id`, `from_user_id`, `to_user_id`, `body`, `is_important`, `is_delivered`, `created_at`) VALUES (6, 6, 6, 'Alice. It looked good-natured, she thought: still it was over at last: \'and I wish I hadn\'t mentioned Dinah!\' she said to the Knave. The Knave of Hearts, she made out that one of them hit her in.', 0, 0, '2015-01-15 15:40:59');
INSERT INTO `messages` (`id`, `from_user_id`, `to_user_id`, `body`, `is_important`, `is_delivered`, `created_at`) VALUES (7, 7, 7, 'Alice, she went on \'And how did you call him Tortoise, if he were trying which word sounded best. Some of the game, feeling very glad to get an opportunity of adding, \'You\'re looking for it, she.', 0, 0, '2014-04-05 22:12:30');
INSERT INTO `messages` (`id`, `from_user_id`, `to_user_id`, `body`, `is_important`, `is_delivered`, `created_at`) VALUES (8, 8, 8, 'Duchess said to herself; \'the March Hare will be the right way to fly up into the air, I\'m afraid, but you might like to hear it say, as it lasted.) \'Then the Dormouse began in a twinkling!.', 1, 0, '2016-06-07 05:26:12');
INSERT INTO `messages` (`id`, `from_user_id`, `to_user_id`, `body`, `is_important`, `is_delivered`, `created_at`) VALUES (9, 9, 9, 'I goes like a stalk out of his pocket, and was going to shrink any further: she felt unhappy. \'It was much pleasanter at home,\' thought poor Alice, \'to pretend to be a comfort, one way--never to be.', 0, 1, '2016-01-04 14:33:52');
INSERT INTO `messages` (`id`, `from_user_id`, `to_user_id`, `body`, `is_important`, `is_delivered`, `created_at`) VALUES (10, 10, 10, 'Alice! when she noticed that the reason of that?\' \'In my youth,\' said his father, \'I took to the other, looking uneasily at the Queen, \'and take this child away with me,\' thought Alice, \'it\'ll never.', 0, 0, '2010-09-08 05:56:14');
INSERT INTO `messages` (`id`, `from_user_id`, `to_user_id`, `body`, `is_important`, `is_delivered`, `created_at`) VALUES (11, 11, 11, 'Where CAN I have none, Why, I wouldn\'t be so kind,\' Alice replied, so eagerly that the Mouse to tell you--all I know I have dropped them, I wonder?\' And here Alice began to say anything. \'Why,\' said.', 1, 1, '2019-09-13 06:14:11');
INSERT INTO `messages` (`id`, `from_user_id`, `to_user_id`, `body`, `is_important`, `is_delivered`, `created_at`) VALUES (12, 12, 12, 'Alice. \'And ever since that,\' the Hatter said, turning to the Dormouse, after thinking a minute or two, it was too dark to see the earth takes twenty-four hours to turn into a tidy little room with.', 1, 0, '2012-05-09 05:58:05');
INSERT INTO `messages` (`id`, `from_user_id`, `to_user_id`, `body`, `is_important`, `is_delivered`, `created_at`) VALUES (13, 13, 13, 'YOUR temper!\' \'Hold your tongue!\' added the Gryphon, half to herself, \'I don\'t quite understand you,\' she said, \'than waste it in her life; it was YOUR table,\' said Alice; \'living at the place of.', 0, 0, '2020-01-26 10:18:30');
INSERT INTO `messages` (`id`, `from_user_id`, `to_user_id`, `body`, `is_important`, `is_delivered`, `created_at`) VALUES (14, 14, 14, 'Gryphon added \'Come, let\'s try Geography. London is the reason so many different sizes in a sulky tone, as it settled down in a trembling voice:-- \'I passed by his garden, and I shall remember it in.', 1, 0, '2011-07-07 20:05:01');
INSERT INTO `messages` (`id`, `from_user_id`, `to_user_id`, `body`, `is_important`, `is_delivered`, `created_at`) VALUES (15, 15, 15, 'So they went up to them to be sure; but I hadn\'t mentioned Dinah!\' she said to herself in the air. This time there were any tears. No, there were a Duck and a Long Tale They were just beginning to.', 0, 1, '2012-11-06 08:03:06');
INSERT INTO `messages` (`id`, `from_user_id`, `to_user_id`, `body`, `is_important`, `is_delivered`, `created_at`) VALUES (16, 16, 16, 'Mock Turtle is.\' \'It\'s the stupidest tea-party I ever was at in all my limbs very supple By the use of this was of very little use without my shoulders. Oh, how I wish I hadn\'t drunk quite so much!\'.', 0, 1, '2016-10-22 07:21:14');
INSERT INTO `messages` (`id`, `from_user_id`, `to_user_id`, `body`, `is_important`, `is_delivered`, `created_at`) VALUES (17, 17, 17, 'Duchess; \'I never saw one, or heard of \"Uglification,\"\' Alice ventured to ask. \'Suppose we change the subject of conversation. While she was not here before,\' said the Duchess, digging her sharp.', 1, 0, '2012-11-23 03:45:01');
INSERT INTO `messages` (`id`, `from_user_id`, `to_user_id`, `body`, `is_important`, `is_delivered`, `created_at`) VALUES (18, 18, 18, 'Queen. \'You make me larger, it must make me giddy.\' And then, turning to Alice. \'Only a thimble,\' said Alice indignantly. \'Ah! then yours wasn\'t a bit of mushroom, and crawled away in the chimney.', 0, 1, '2018-05-29 09:04:30');
INSERT INTO `messages` (`id`, `from_user_id`, `to_user_id`, `body`, `is_important`, `is_delivered`, `created_at`) VALUES (19, 19, 19, 'Allow me to introduce it.\' \'I don\'t even know what \"it\" means.\' \'I know what to beautify is, I can\'t tell you my history, and you\'ll understand why it is almost certain to disagree with you, sooner.', 1, 1, '2013-09-20 20:38:02');
INSERT INTO `messages` (`id`, `from_user_id`, `to_user_id`, `body`, `is_important`, `is_delivered`, `created_at`) VALUES (20, 20, 20, 'This did not wish to offend the Dormouse said--\' the Hatter said, tossing his head mournfully. \'Not I!\' said the Mock Turtle, suddenly dropping his voice; and Alice was not going to remark myself.\'.', 1, 0, '2015-02-01 23:06:15');
INSERT INTO `messages` (`id`, `from_user_id`, `to_user_id`, `body`, `is_important`, `is_delivered`, `created_at`) VALUES (21, 21, 21, 'Alice quite jumped; but she gained courage as she could do, lying down with her face in her pocket) till she was a good deal worse off than before, as the jury wrote it down into its face was quite.', 1, 0, '2012-10-04 14:17:47');
INSERT INTO `messages` (`id`, `from_user_id`, `to_user_id`, `body`, `is_important`, `is_delivered`, `created_at`) VALUES (22, 22, 22, 'Mad Tea-Party There was certainly English. \'I don\'t see how he can thoroughly enjoy The pepper when he sneezes; For he can EVEN finish, if he were trying to explain it is almost certain to disagree.', 0, 0, '2012-01-15 23:35:39');
INSERT INTO `messages` (`id`, `from_user_id`, `to_user_id`, `body`, `is_important`, `is_delivered`, `created_at`) VALUES (23, 23, 23, 'Queen, and Alice could hear him sighing as if it began ordering people about like that!\' He got behind Alice as he fumbled over the list, feeling very glad that it was the only one way up as the.', 0, 1, '2011-06-03 08:17:24');
INSERT INTO `messages` (`id`, `from_user_id`, `to_user_id`, `body`, `is_important`, `is_delivered`, `created_at`) VALUES (24, 24, 24, 'Which shall sing?\' \'Oh, YOU sing,\' said the March Hare. \'Sixteenth,\' added the Gryphon; and then raised himself upon tiptoe, put his shoes on. \'--and just take his head contemptuously. \'I dare say.', 1, 0, '2017-06-27 10:56:43');
INSERT INTO `messages` (`id`, `from_user_id`, `to_user_id`, `body`, `is_important`, `is_delivered`, `created_at`) VALUES (25, 25, 25, 'But do cats eat bats, I wonder?\' And here poor Alice began to cry again. \'You ought to tell me your history, you know,\' the Hatter hurriedly left the court, arm-in-arm with the lobsters, out to sea.', 1, 0, '2011-10-24 13:07:21');
INSERT INTO `messages` (`id`, `from_user_id`, `to_user_id`, `body`, `is_important`, `is_delivered`, `created_at`) VALUES (26, 26, 26, 'Gryphon, before Alice could hardly hear the very tones of her ever getting out of its mouth, and addressed her in a whisper.) \'That would be like, \'--for they haven\'t got much evidence YET,\' she.', 1, 0, '2016-09-08 16:59:13');
INSERT INTO `messages` (`id`, `from_user_id`, `to_user_id`, `body`, `is_important`, `is_delivered`, `created_at`) VALUES (27, 27, 27, 'Alice. \'Did you say it.\' \'That\'s nothing to do: once or twice, and shook itself. Then it got down off the fire, and at once to eat the comfits: this caused some noise and confusion, as the other.\'.', 1, 0, '2010-08-24 15:34:10');
INSERT INTO `messages` (`id`, `from_user_id`, `to_user_id`, `body`, `is_important`, `is_delivered`, `created_at`) VALUES (28, 28, 28, 'IS a long argument with the dream of Wonderland of long ago: and how she would feel very sleepy and stupid), whether the pleasure of making a daisy-chain would be offended again. \'Mine is a very.', 1, 0, '2014-10-05 04:58:29');
INSERT INTO `messages` (`id`, `from_user_id`, `to_user_id`, `body`, `is_important`, `is_delivered`, `created_at`) VALUES (29, 29, 29, 'Bill,\' thought Alice,) \'Well, I can\'t show it you myself,\' the Mock Turtle, suddenly dropping his voice; and Alice was so long since she had not long to doubt, for the garden!\' and she went on, half.', 0, 0, '2018-02-26 05:40:50');
INSERT INTO `messages` (`id`, `from_user_id`, `to_user_id`, `body`, `is_important`, `is_delivered`, `created_at`) VALUES (30, 30, 30, 'But I\'ve got back to the law, And argued each case with MINE,\' said the King. Here one of them were animals, and some of YOUR adventures.\' \'I could tell you more than that, if you were all.', 1, 1, '2010-12-21 13:26:46');
INSERT INTO `messages` (`id`, `from_user_id`, `to_user_id`, `body`, `is_important`, `is_delivered`, `created_at`) VALUES (31, 31, 31, 'At last the Gryphon never learnt it.\' \'Hadn\'t time,\' said the King. The next thing is, to get hold of anything, but she had wept when she got used to do:-- \'How doth the little magic bottle had now.', 1, 0, '2018-10-18 20:53:45');
INSERT INTO `messages` (`id`, `from_user_id`, `to_user_id`, `body`, `is_important`, `is_delivered`, `created_at`) VALUES (32, 32, 32, 'But she waited patiently. \'Once,\' said the Duchess; \'and that\'s a fact.\' Alice did not seem to dry me at all.\' \'In that case,\' said the Caterpillar. \'Well, perhaps you were or might have been was.', 0, 0, '2019-06-08 17:09:42');
INSERT INTO `messages` (`id`, `from_user_id`, `to_user_id`, `body`, `is_important`, `is_delivered`, `created_at`) VALUES (33, 33, 33, 'Hatter went on, \'you see, a dog growls when it\'s angry, and wags its tail when it\'s angry, and wags its tail when it\'s angry, and wags its tail about in the long hall, and wander about among those.', 1, 0, '2014-05-09 10:33:08');
INSERT INTO `messages` (`id`, `from_user_id`, `to_user_id`, `body`, `is_important`, `is_delivered`, `created_at`) VALUES (34, 34, 34, 'Only I don\'t like the three gardeners, oblong and flat, with their hands and feet, to make ONE respectable person!\' Soon her eye fell on a summer day: The Knave of Hearts, and I shall think nothing.', 0, 1, '2017-08-21 18:26:35');
INSERT INTO `messages` (`id`, `from_user_id`, `to_user_id`, `body`, `is_important`, `is_delivered`, `created_at`) VALUES (35, 35, 35, 'YOU manage?\' Alice asked. The Hatter opened his eyes. He looked anxiously round, to make out that it seemed quite natural to Alice to herself. \'Of the mushroom,\' said the King, who had spoken first..', 0, 0, '2017-04-02 13:52:03');
INSERT INTO `messages` (`id`, `from_user_id`, `to_user_id`, `body`, `is_important`, `is_delivered`, `created_at`) VALUES (36, 36, 36, 'WOULD go with the birds and beasts, as well say,\' added the Gryphon; and then nodded. \'It\'s no business there, at any rate I\'ll never go THERE again!\' said Alice in a Little Bill It was the same.', 1, 1, '2015-03-22 15:34:06');
INSERT INTO `messages` (`id`, `from_user_id`, `to_user_id`, `body`, `is_important`, `is_delivered`, `created_at`) VALUES (37, 37, 37, 'Duck. \'Found IT,\' the Mouse was swimming away from him, and very angrily. \'A knot!\' said Alice, \'and if it had been. But her sister on the floor: in another moment, splash! she was now more than.', 1, 1, '2019-10-05 09:51:26');
INSERT INTO `messages` (`id`, `from_user_id`, `to_user_id`, `body`, `is_important`, `is_delivered`, `created_at`) VALUES (38, 38, 38, 'So they went up to her feet as the soldiers had to fall upon Alice, as she fell past it. \'Well!\' thought Alice to herself. \'Shy, they seem to dry me at home! Why, I do hope it\'ll make me smaller, I.', 1, 1, '2016-01-17 09:25:27');
INSERT INTO `messages` (`id`, `from_user_id`, `to_user_id`, `body`, `is_important`, `is_delivered`, `created_at`) VALUES (39, 39, 39, 'And in she went. Once more she found this a very deep well. Either the well was very deep, or she fell very slowly, for she had read about them in books, and she crossed her hands up to her great.', 0, 0, '2014-06-07 11:32:28');
INSERT INTO `messages` (`id`, `from_user_id`, `to_user_id`, `body`, `is_important`, `is_delivered`, `created_at`) VALUES (40, 40, 40, 'Hatter. He had been for some while in silence. At last the Gryphon went on, \'that they\'d let Dinah stop in the sea!\' cried the Gryphon. \'Well, I can\'t take more.\' \'You mean you can\'t take LESS,\'.', 0, 1, '2016-02-24 03:17:45');
INSERT INTO `messages` (`id`, `from_user_id`, `to_user_id`, `body`, `is_important`, `is_delivered`, `created_at`) VALUES (41, 41, 41, 'So Bill\'s got the other--Bill! fetch it here, lad!--Here, put \'em up at the Mouse\'s tail; \'but why do you know what they\'re about!\' \'Read them,\' said the Lory, who at last in the distance, and she.', 1, 1, '2016-11-21 20:32:31');
INSERT INTO `messages` (`id`, `from_user_id`, `to_user_id`, `body`, `is_important`, `is_delivered`, `created_at`) VALUES (42, 42, 42, 'YOU like cats if you drink much from a Caterpillar The Caterpillar and Alice looked up, and began bowing to the jury. They were just beginning to get in at the place of the garden: the roses growing.', 1, 1, '2010-05-07 14:50:22');
INSERT INTO `messages` (`id`, `from_user_id`, `to_user_id`, `body`, `is_important`, `is_delivered`, `created_at`) VALUES (43, 43, 43, 'THIS size: why, I should frighten them out again. Suddenly she came in sight of the door of which was sitting on the trumpet, and then unrolled the parchment scroll, and read out from his book,.', 0, 1, '2012-08-27 05:11:07');
INSERT INTO `messages` (`id`, `from_user_id`, `to_user_id`, `body`, `is_important`, `is_delivered`, `created_at`) VALUES (44, 44, 44, 'Mock Turtle. \'No, no! The adventures first,\' said the Mock Turtle, capering wildly about. \'Change lobsters again!\' yelled the Gryphon in an undertone,.', 0, 1, '2014-11-13 09:42:53');
INSERT INTO `messages` (`id`, `from_user_id`, `to_user_id`, `body`, `is_important`, `is_delivered`, `created_at`) VALUES (45, 45, 45, 'So they got settled down again, the Dodo replied very gravely. \'What else have you executed.\' The miserable Hatter dropped his teacup and bread-and-butter, and then added them up, and reduced the.', 0, 1, '2012-04-14 18:53:54');
INSERT INTO `messages` (`id`, `from_user_id`, `to_user_id`, `body`, `is_important`, `is_delivered`, `created_at`) VALUES (46, 46, 46, 'And yet you incessantly stand on your shoes and stockings for you now, dears? I\'m sure I have to go on. \'And so these three little sisters,\' the Dormouse said--\' the Hatter instead!\' CHAPTER VII. A.', 1, 1, '2015-12-26 01:54:04');
INSERT INTO `messages` (`id`, `from_user_id`, `to_user_id`, `body`, `is_important`, `is_delivered`, `created_at`) VALUES (47, 47, 47, 'VERY unpleasant state of mind, she turned the corner, but the great concert given by the whole pack rose up into the Dormouse\'s place, and Alice was not a mile high,\' said Alice. \'Come, let\'s try.', 0, 1, '2015-12-12 04:52:37');
INSERT INTO `messages` (`id`, `from_user_id`, `to_user_id`, `body`, `is_important`, `is_delivered`, `created_at`) VALUES (48, 48, 48, 'Mock Turtle went on. \'Or would you like the Mock Turtle sighed deeply, and began, in rather a handsome pig, I think.\' And she began again: \'Ou est ma chatte?\' which was lit up by wild beasts and.', 1, 0, '2010-08-30 16:41:06');
INSERT INTO `messages` (`id`, `from_user_id`, `to_user_id`, `body`, `is_important`, `is_delivered`, `created_at`) VALUES (49, 49, 49, 'Alice. \'What IS a Caucus-race?\' said Alice; \'all I know I have none, Why, I do it again and again.\' \'You are old, Father William,\' the young lady tells us a story!\' said the Gryphon: \'I went to work.', 0, 1, '2020-02-04 21:10:50');
INSERT INTO `messages` (`id`, `from_user_id`, `to_user_id`, `body`, `is_important`, `is_delivered`, `created_at`) VALUES (50, 50, 50, 'I have to ask his neighbour to tell its age, there was nothing so VERY tired of sitting by her sister was reading, but it is.\' \'Then you shouldn\'t talk,\' said the Hatter. \'Nor I,\' said the youth,.', 1, 1, '2014-06-04 03:23:32');
INSERT INTO `messages` (`id`, `from_user_id`, `to_user_id`, `body`, `is_important`, `is_delivered`, `created_at`) VALUES (51, 51, 51, 'Gryphon replied very solemnly. Alice was very likely true.) Down, down, down. Would the fall NEVER come to the Hatter. This piece of evidence we\'ve heard yet,\' said Alice; \'you needn\'t be afraid of.', 0, 0, '2015-05-17 13:12:18');
INSERT INTO `messages` (`id`, `from_user_id`, `to_user_id`, `body`, `is_important`, `is_delivered`, `created_at`) VALUES (52, 52, 52, 'English coast you find a pleasure in all directions, tumbling up against each other; however, they got their tails in their mouths; and the other side, the puppy began a series of short charges at.', 1, 0, '2013-08-19 05:37:24');
INSERT INTO `messages` (`id`, `from_user_id`, `to_user_id`, `body`, `is_important`, `is_delivered`, `created_at`) VALUES (53, 53, 53, 'The Antipathies, I think--\' (she was obliged to write this down on their hands and feet, to make out exactly what they WILL do next! As for pulling me out of a treacle-well--eh, stupid?\' \'But they.', 0, 0, '2013-05-28 13:50:13');
INSERT INTO `messages` (`id`, `from_user_id`, `to_user_id`, `body`, `is_important`, `is_delivered`, `created_at`) VALUES (54, 54, 54, 'Queen left off, quite out of their hearing her; and the Mock Turtle persisted. \'How COULD he turn them out of the table, half hoping that the meeting adjourn, for the pool a little ledge of rock,.', 1, 0, '2010-12-24 13:55:01');
INSERT INTO `messages` (`id`, `from_user_id`, `to_user_id`, `body`, `is_important`, `is_delivered`, `created_at`) VALUES (55, 55, 55, 'Alice could see it trying in a ring, and begged the Mouse was bristling all over, and both creatures hid their faces in their mouths. So they had to do it.\' (And, as you can--\' \'Swim after them!\'.', 1, 1, '2011-10-18 18:54:41');
INSERT INTO `messages` (`id`, `from_user_id`, `to_user_id`, `body`, `is_important`, `is_delivered`, `created_at`) VALUES (56, 56, 56, 'I only knew how to speak with. Alice waited patiently until it chose to speak first, \'why your cat grins like that?\' \'It\'s a Cheshire cat,\' said the Queen. \'You make me giddy.\' And then, turning to.', 0, 1, '2018-02-19 18:10:35');
INSERT INTO `messages` (`id`, `from_user_id`, `to_user_id`, `body`, `is_important`, `is_delivered`, `created_at`) VALUES (57, 57, 57, 'Alice had got its head impatiently, and said, \'That\'s right, Five! Always lay the blame on others!\' \'YOU\'D better not do that again!\' which produced another dead silence. Alice was just saying to.', 0, 0, '2016-12-23 22:55:55');
INSERT INTO `messages` (`id`, `from_user_id`, `to_user_id`, `body`, `is_important`, `is_delivered`, `created_at`) VALUES (58, 58, 58, 'YOU are, first.\' \'Why?\' said the Gryphon: and it was looking up into the loveliest garden you ever eat a bat?\' when suddenly, thump! thump! down she came upon a heap of sticks and dry leaves, and.', 1, 1, '2019-12-23 11:35:19');
INSERT INTO `messages` (`id`, `from_user_id`, `to_user_id`, `body`, `is_important`, `is_delivered`, `created_at`) VALUES (59, 59, 59, 'Queen said to the jury, in a solemn tone, \'For the Duchess. An invitation from the time she had not gone (We know it was getting so far off). \'Oh, my poor little thing sobbed again (or grunted, it.', 1, 0, '2019-03-17 11:29:07');
INSERT INTO `messages` (`id`, `from_user_id`, `to_user_id`, `body`, `is_important`, `is_delivered`, `created_at`) VALUES (60, 60, 60, 'Suppress him! Pinch him! Off with his head!\' or \'Off with his head!\"\' \'How dreadfully savage!\' exclaimed Alice. \'And where HAVE my shoulders got to? And oh, I wish you could see her after the.', 1, 0, '2011-09-18 07:36:57');
INSERT INTO `messages` (`id`, `from_user_id`, `to_user_id`, `body`, `is_important`, `is_delivered`, `created_at`) VALUES (61, 61, 61, 'ARE a simpleton.\' Alice did not much surprised at her for a rabbit! I suppose it doesn\'t mind.\' The table was a very humble tone, going down on one side, to look at them--\'I wish they\'d get the.', 0, 1, '2014-09-04 14:44:18');
INSERT INTO `messages` (`id`, `from_user_id`, `to_user_id`, `body`, `is_important`, `is_delivered`, `created_at`) VALUES (62, 62, 62, 'Come on!\' So they went on to himself in an undertone, \'important--unimportant--unimportant--important--\' as if his heart would break. She pitied him deeply. \'What is it?\' he said. \'Fifteenth,\' said.', 1, 0, '2013-10-31 11:10:11');
INSERT INTO `messages` (`id`, `from_user_id`, `to_user_id`, `body`, `is_important`, `is_delivered`, `created_at`) VALUES (63, 63, 63, 'March Hare went on. \'Or would you like the largest telescope that ever was! Good-bye, feet!\' (for when she heard one of them say, \'Look out now, Five! Don\'t go splashing paint over me like that!\'.', 1, 1, '2015-06-03 00:01:00');
INSERT INTO `messages` (`id`, `from_user_id`, `to_user_id`, `body`, `is_important`, `is_delivered`, `created_at`) VALUES (64, 64, 64, 'Alice. \'Why, there they lay sprawling about, reminding her very much pleased at having found out a box of comfits, (luckily the salt water had not the smallest notice of her or of anything to put.', 1, 0, '2011-06-05 20:25:24');
INSERT INTO `messages` (`id`, `from_user_id`, `to_user_id`, `body`, `is_important`, `is_delivered`, `created_at`) VALUES (65, 65, 65, 'The only things in the prisoner\'s handwriting?\' asked another of the court. All this time the Queen had never seen such a capital one for catching mice you can\'t take LESS,\' said the Mock Turtle..', 1, 0, '2011-01-28 02:37:14');
INSERT INTO `messages` (`id`, `from_user_id`, `to_user_id`, `body`, `is_important`, `is_delivered`, `created_at`) VALUES (66, 66, 66, 'Hatter said, tossing his head sadly. \'Do I look like one, but the Mouse in the distance, screaming with passion. She had already heard her sentence three of the court. (As that is enough,\' Said his.', 0, 0, '2012-08-08 07:01:52');
INSERT INTO `messages` (`id`, `from_user_id`, `to_user_id`, `body`, `is_important`, `is_delivered`, `created_at`) VALUES (67, 67, 67, 'Why, I wouldn\'t be so easily offended, you know!\' The Mouse did not much like keeping so close to her, \'if we had the best of educations--in fact, we went to the croquet-ground. The other side will.', 0, 1, '2013-01-28 01:58:00');
INSERT INTO `messages` (`id`, `from_user_id`, `to_user_id`, `body`, `is_important`, `is_delivered`, `created_at`) VALUES (68, 68, 68, 'Then the Queen had only one who had meanwhile been examining the roses. \'Off with his head!\' or \'Off with their hands and feet at once, and ran till she fancied she heard was a good deal: this.', 0, 0, '2010-04-21 01:51:50');
INSERT INTO `messages` (`id`, `from_user_id`, `to_user_id`, `body`, `is_important`, `is_delivered`, `created_at`) VALUES (69, 69, 69, 'March Hare interrupted in a tone of delight, which changed into alarm in another moment down went Alice after it, \'Mouse dear! Do come back with the next witness was the King; and the other bit. Her.', 0, 0, '2015-01-21 14:11:12');
INSERT INTO `messages` (`id`, `from_user_id`, `to_user_id`, `body`, `is_important`, `is_delivered`, `created_at`) VALUES (70, 70, 70, 'Mouse replied rather crossly: \'of course you know that Cheshire cats always grinned; in fact, a sort of way, \'Do cats eat bats, I wonder?\' As she said these words her foot as far as they would die..', 0, 0, '2014-03-09 21:09:53');
INSERT INTO `messages` (`id`, `from_user_id`, `to_user_id`, `body`, `is_important`, `is_delivered`, `created_at`) VALUES (71, 71, 71, 'She is such a neck as that! No, no! You\'re a serpent; and there\'s no room to open them again, and she jumped up in her pocket, and pulled out a box of comfits, (luckily the salt water had not the.', 1, 0, '2014-09-19 14:35:06');
INSERT INTO `messages` (`id`, `from_user_id`, `to_user_id`, `body`, `is_important`, `is_delivered`, `created_at`) VALUES (72, 72, 72, 'Very soon the Rabbit say, \'A barrowful of WHAT?\' thought Alice; \'only, as it\'s asleep, I suppose I ought to have any pepper in that poky little house, and have next to no toys to play croquet with.', 0, 1, '2012-07-13 01:41:53');
INSERT INTO `messages` (`id`, `from_user_id`, `to_user_id`, `body`, `is_important`, `is_delivered`, `created_at`) VALUES (73, 73, 73, 'The Mouse looked at Alice. \'It must be a comfort, one way--never to be two people! Why, there\'s hardly enough of it at last, and they lived at the door and found that her neck kept getting entangled.', 1, 1, '2015-05-09 15:52:13');
INSERT INTO `messages` (`id`, `from_user_id`, `to_user_id`, `body`, `is_important`, `is_delivered`, `created_at`) VALUES (74, 74, 74, 'The Rabbit started violently, dropped the white kid gloves: she took courage, and went on for some time with the name \'Alice!\' CHAPTER XII. Alice\'s Evidence \'Here!\' cried Alice, quite forgetting her.', 1, 1, '2015-07-17 00:42:06');
INSERT INTO `messages` (`id`, `from_user_id`, `to_user_id`, `body`, `is_important`, `is_delivered`, `created_at`) VALUES (75, 75, 75, 'I was a large cat which was lit up by wild beasts and other unpleasant things, all because they WOULD put their heads downward! The Antipathies, I think--\' (for, you see, Miss, we\'re doing our best,.', 1, 0, '2011-04-28 00:33:21');
INSERT INTO `messages` (`id`, `from_user_id`, `to_user_id`, `body`, `is_important`, `is_delivered`, `created_at`) VALUES (76, 76, 76, 'Knave of Hearts, she made out that she was going to happen next. \'It\'s--it\'s a very short time the Queen furiously, throwing an inkstand at the March Hare meekly replied. \'Yes, but I can\'t.', 0, 1, '2010-04-17 19:48:57');
INSERT INTO `messages` (`id`, `from_user_id`, `to_user_id`, `body`, `is_important`, `is_delivered`, `created_at`) VALUES (77, 77, 77, 'Alice; \'but when you come and join the dance? Will you, won\'t you, will you, won\'t you, will you, won\'t you, will you, won\'t you, will you, won\'t you, will you, won\'t you join the dance. Would not,.', 1, 1, '2012-06-06 15:32:09');
INSERT INTO `messages` (`id`, `from_user_id`, `to_user_id`, `body`, `is_important`, `is_delivered`, `created_at`) VALUES (78, 78, 78, 'Alice. \'Come on, then!\' roared the Queen, pointing to the Gryphon. \'Of course,\' the Mock Turtle repeated thoughtfully. \'I should have croqueted the Queen\'s shrill cries to the porpoise, \"Keep back,.', 0, 0, '2018-05-10 11:08:11');
INSERT INTO `messages` (`id`, `from_user_id`, `to_user_id`, `body`, `is_important`, `is_delivered`, `created_at`) VALUES (79, 79, 79, 'A secret, kept from all the jurors were all writing very busily on slates. \'What are you getting on?\' said the Duck: \'it\'s generally a frog or a serpent?\' \'It matters a good character, But said I.', 0, 1, '2018-03-04 20:32:27');
INSERT INTO `messages` (`id`, `from_user_id`, `to_user_id`, `body`, `is_important`, `is_delivered`, `created_at`) VALUES (80, 80, 80, 'There was a large crowd collected round it: there was no \'One, two, three, and away,\' but they all stopped and looked at Two. Two began in a frightened tone. \'The Queen of Hearts were seated on.', 1, 1, '2017-01-13 22:13:03');
INSERT INTO `messages` (`id`, `from_user_id`, `to_user_id`, `body`, `is_important`, `is_delivered`, `created_at`) VALUES (81, 81, 81, 'What happened to you? Tell us all about for it, he was in the distance, and she at once to eat the comfits: this caused some noise and confusion, as the whole party look so grave that she began.', 1, 0, '2011-04-24 09:08:22');
INSERT INTO `messages` (`id`, `from_user_id`, `to_user_id`, `body`, `is_important`, `is_delivered`, `created_at`) VALUES (82, 82, 82, 'Alice could see it written down: but I shall have some fun now!\' thought Alice. One of the cupboards as she went back to the tarts on the floor, and a crash of broken glass. \'What a pity it wouldn\'t.', 1, 0, '2010-06-14 10:42:14');
INSERT INTO `messages` (`id`, `from_user_id`, `to_user_id`, `body`, `is_important`, `is_delivered`, `created_at`) VALUES (83, 83, 83, 'March Hare. Alice sighed wearily. \'I think you can find them.\' As she said to the fifth bend, I think?\' he said to Alice. \'Only a thimble,\' said Alice loudly. \'The idea of the hall; but, alas!.', 0, 0, '2013-05-21 22:04:30');
INSERT INTO `messages` (`id`, `from_user_id`, `to_user_id`, `body`, `is_important`, `is_delivered`, `created_at`) VALUES (84, 84, 84, 'I got up and to her great delight it fitted! Alice opened the door opened inwards, and Alice\'s first thought was that she wanted to send the hedgehog to, and, as the Dormouse indignantly. However,.', 0, 1, '2017-04-27 12:33:13');
INSERT INTO `messages` (`id`, `from_user_id`, `to_user_id`, `body`, `is_important`, `is_delivered`, `created_at`) VALUES (85, 85, 85, 'That\'s all.\' \'Thank you,\' said the Hatter. \'You MUST remember,\' remarked the King, \'or I\'ll have you executed.\' The miserable Hatter dropped his teacup and bread-and-butter, and went on in a tone of.', 1, 0, '2019-12-19 00:56:19');
INSERT INTO `messages` (`id`, `from_user_id`, `to_user_id`, `body`, `is_important`, `is_delivered`, `created_at`) VALUES (86, 86, 86, 'Mock Turtle said with a yelp of delight, and rushed at the top of his pocket, and was going a journey, I should like to be in a loud, indignant voice, but she remembered how small she was surprised.', 0, 0, '2016-10-09 19:13:45');
INSERT INTO `messages` (`id`, `from_user_id`, `to_user_id`, `body`, `is_important`, `is_delivered`, `created_at`) VALUES (87, 87, 87, 'Beautiful, beautiful Soup! Beau--ootiful Soo--oop! Beau--ootiful Soo--oop! Soo--oop of the sea.\' \'I couldn\'t afford to learn it.\' said the Hatter. \'Stolen!\' the King put on his knee, and the Panther.', 1, 0, '2012-03-17 19:20:57');
INSERT INTO `messages` (`id`, `from_user_id`, `to_user_id`, `body`, `is_important`, `is_delivered`, `created_at`) VALUES (88, 88, 88, 'Cat. \'I don\'t know much,\' said Alice; \'I can\'t explain MYSELF, I\'m afraid, sir\' said Alice, in a trembling voice:-- \'I passed by his garden, and marked, with one eye, How the Owl had the dish as its.', 0, 0, '2015-12-20 14:29:04');
INSERT INTO `messages` (`id`, `from_user_id`, `to_user_id`, `body`, `is_important`, `is_delivered`, `created_at`) VALUES (89, 89, 89, 'Duchess said to herself, \'after such a dreadful time.\' So Alice got up in spite of all the jurors had a consultation about this, and after a pause: \'the reason is, that I\'m doubtful about the reason.', 1, 1, '2016-03-03 07:15:13');
INSERT INTO `messages` (`id`, `from_user_id`, `to_user_id`, `body`, `is_important`, `is_delivered`, `created_at`) VALUES (90, 90, 90, 'Cat. \'Do you know why it\'s called a whiting?\' \'I never could abide figures!\' And with that she still held the pieces of mushroom in her head, and she looked up eagerly, half hoping that they must be.', 0, 1, '2010-07-19 13:13:00');
INSERT INTO `messages` (`id`, `from_user_id`, `to_user_id`, `body`, `is_important`, `is_delivered`, `created_at`) VALUES (91, 91, 91, 'Alice; but she could get away without being seen, when she had to stop and untwist it. After a while, finding that nothing more to do such a curious appearance in the long hall, and wander about.', 0, 1, '2019-09-19 15:25:51');
INSERT INTO `messages` (`id`, `from_user_id`, `to_user_id`, `body`, `is_important`, `is_delivered`, `created_at`) VALUES (92, 92, 92, 'Tortoise, if he thought it had come to the table, but it puzzled her a good deal to ME,\' said the Hatter, \'I cut some more of it altogether; but after a fashion, and this was his first speech. \'You.', 1, 0, '2010-12-24 16:58:03');
INSERT INTO `messages` (`id`, `from_user_id`, `to_user_id`, `body`, `is_important`, `is_delivered`, `created_at`) VALUES (93, 93, 93, 'France-- Then turn not pale, beloved snail, but come and join the dance? Will you, won\'t you, won\'t you, will you, won\'t you join the dance. Would not, could not, would not, could not, would not,.', 0, 1, '2016-09-08 04:12:38');
INSERT INTO `messages` (`id`, `from_user_id`, `to_user_id`, `body`, `is_important`, `is_delivered`, `created_at`) VALUES (94, 94, 94, 'When I used to do:-- \'How doth the little glass box that was sitting next to her. The Cat only grinned a little three-legged table, all made a dreadfully ugly child: but it was too small, but at.', 0, 1, '2017-05-13 14:19:36');
INSERT INTO `messages` (`id`, `from_user_id`, `to_user_id`, `body`, `is_important`, `is_delivered`, `created_at`) VALUES (95, 95, 95, 'Father William replied to his son, \'I feared it might end, you know,\' said the Mock Turtle sang this, very slowly and sadly:-- \'\"Will you walk a little bird as soon as she was trying to explain it.', 0, 0, '2019-09-02 20:26:25');
INSERT INTO `messages` (`id`, `from_user_id`, `to_user_id`, `body`, `is_important`, `is_delivered`, `created_at`) VALUES (96, 96, 96, 'Pigeon, but in a great thistle, to keep herself from being run over; and the great puzzle!\' And she opened it, and they repeated their arguments to her, one on each side to guard him; and near the.', 0, 1, '2012-09-23 05:10:53');
INSERT INTO `messages` (`id`, `from_user_id`, `to_user_id`, `body`, `is_important`, `is_delivered`, `created_at`) VALUES (97, 97, 97, 'Alice ventured to say. \'What is it?\' The Gryphon sat up and down, and was a general chorus of voices asked. \'Why, SHE, of course,\' the Gryphon remarked: \'because they lessen from day to such stuff?.', 1, 1, '2017-07-18 18:08:23');
INSERT INTO `messages` (`id`, `from_user_id`, `to_user_id`, `body`, `is_important`, `is_delivered`, `created_at`) VALUES (98, 98, 98, 'And the Gryphon went on. Her listeners were perfectly quiet till she was always ready to play croquet.\' The Frog-Footman repeated, in the pool was getting so thin--and the twinkling of the sense,.', 0, 0, '2013-11-02 09:37:10');
INSERT INTO `messages` (`id`, `from_user_id`, `to_user_id`, `body`, `is_important`, `is_delivered`, `created_at`) VALUES (99, 99, 99, 'Dormouse; \'VERY ill.\' Alice tried to curtsey as she could, and soon found out that it might not escape again, and went down to them, they set to work at once in the last word two or three of the.', 0, 1, '2016-07-12 02:21:44');
INSERT INTO `messages` (`id`, `from_user_id`, `to_user_id`, `body`, `is_important`, `is_delivered`, `created_at`) VALUES (100, 100, 100, 'But I\'ve got back to the rose-tree, she went in without knocking, and hurried upstairs, in great fear lest she should push the matter on, What would become of me?\' Luckily for Alice, the little.', 1, 0, '2014-05-16 00:07:44');


#
# TABLE STRUCTURE FOR: profiles
#

DROP TABLE IF EXISTS `profiles`;

CREATE TABLE `profiles` (
  `user_id` int(10) unsigned NOT NULL,
  `gender` char(1) COLLATE utf8_unicode_ci NOT NULL,
  `birthday` date DEFAULT NULL,
  `city` varchar(100) COLLATE utf8_unicode_ci DEFAULT NULL,
  `country` varchar(100) COLLATE utf8_unicode_ci DEFAULT NULL,
  `photo_id` int(10) unsigned NOT NULL,
  `created_at` datetime DEFAULT current_timestamp(),
  `updated_at` datetime DEFAULT current_timestamp() ON UPDATE current_timestamp()
) ENGINE=InnoDB DEFAULT CHARSET=utf8 COLLATE=utf8_unicode_ci;

INSERT INTO `profiles` (`user_id`, `gender`, `birthday`, `city`, `country`, `photo_id`, `created_at`, `updated_at`) VALUES (1, '', '1975-02-18', 'Ewaldfurt', 'Fiji', 55, '2013-10-07 00:53:54', '2019-12-15 06:11:48');
INSERT INTO `profiles` (`user_id`, `gender`, `birthday`, `city`, `country`, `photo_id`, `created_at`, `updated_at`) VALUES (2, '', '2015-08-17', 'West Vellamouth', 'Tonga', 34, '2016-04-03 20:19:10', '2019-05-30 06:38:15');
INSERT INTO `profiles` (`user_id`, `gender`, `birthday`, `city`, `country`, `photo_id`, `created_at`, `updated_at`) VALUES (3, '', '1988-01-25', 'West Vance', 'Somalia', 68, '2018-04-03 15:34:22', '2019-10-12 21:31:49');
INSERT INTO `profiles` (`user_id`, `gender`, `birthday`, `city`, `country`, `photo_id`, `created_at`, `updated_at`) VALUES (4, '', '2018-12-04', 'Eddmouth', 'Singapore', 8, '2010-12-18 08:45:40', '2019-05-11 01:34:33');
INSERT INTO `profiles` (`user_id`, `gender`, `birthday`, `city`, `country`, `photo_id`, `created_at`, `updated_at`) VALUES (5, '', '2005-04-16', 'East Finn', 'Luxembourg', 46, '2016-01-14 01:12:01', '2020-02-21 09:27:09');
INSERT INTO `profiles` (`user_id`, `gender`, `birthday`, `city`, `country`, `photo_id`, `created_at`, `updated_at`) VALUES (6, '', '1991-10-27', 'Rossiechester', 'Bhutan', 12, '2016-09-27 03:35:14', '2019-09-09 20:15:35');
INSERT INTO `profiles` (`user_id`, `gender`, `birthday`, `city`, `country`, `photo_id`, `created_at`, `updated_at`) VALUES (7, '', '2000-04-10', 'Lakinchester', 'Bouvet Island (Bouvetoya)', 55, '2010-09-05 09:36:52', '2019-08-31 19:13:09');
INSERT INTO `profiles` (`user_id`, `gender`, `birthday`, `city`, `country`, `photo_id`, `created_at`, `updated_at`) VALUES (8, '', '1989-06-10', 'DuBuqueborough', 'Singapore', 25, '2012-03-30 15:07:31', '2019-05-15 09:42:27');
INSERT INTO `profiles` (`user_id`, `gender`, `birthday`, `city`, `country`, `photo_id`, `created_at`, `updated_at`) VALUES (9, '', '1984-02-05', 'South Brenda', 'United Arab Emirates', 40, '2019-03-03 11:10:24', '2019-05-18 23:27:07');
INSERT INTO `profiles` (`user_id`, `gender`, `birthday`, `city`, `country`, `photo_id`, `created_at`, `updated_at`) VALUES (10, '', '1996-10-15', 'Kaylieborough', 'Niue', 89, '2018-04-05 00:01:03', '2020-01-22 01:11:09');
INSERT INTO `profiles` (`user_id`, `gender`, `birthday`, `city`, `country`, `photo_id`, `created_at`, `updated_at`) VALUES (11, '', '2008-11-28', 'Braunmouth', 'Central African Republic', 18, '2010-05-05 01:04:37', '2019-06-02 17:47:01');
INSERT INTO `profiles` (`user_id`, `gender`, `birthday`, `city`, `country`, `photo_id`, `created_at`, `updated_at`) VALUES (12, '', '2011-01-27', 'Wolffport', 'Niger', 76, '2014-07-21 07:52:33', '2019-10-18 17:53:50');
INSERT INTO `profiles` (`user_id`, `gender`, `birthday`, `city`, `country`, `photo_id`, `created_at`, `updated_at`) VALUES (13, '', '2008-06-23', 'Jakubowskiborough', 'British Indian Ocean Territory (Chagos Archipelago)', 78, '2014-02-27 21:22:12', '2020-02-13 12:49:23');
INSERT INTO `profiles` (`user_id`, `gender`, `birthday`, `city`, `country`, `photo_id`, `created_at`, `updated_at`) VALUES (14, '', '1980-07-25', 'South Justusburgh', 'Puerto Rico', 53, '2012-11-10 20:03:36', '2020-02-01 02:47:31');
INSERT INTO `profiles` (`user_id`, `gender`, `birthday`, `city`, `country`, `photo_id`, `created_at`, `updated_at`) VALUES (15, '', '1973-02-19', 'East Genovevaton', 'Palestinian Territory', 19, '2016-04-26 04:02:10', '2019-09-29 18:19:29');
INSERT INTO `profiles` (`user_id`, `gender`, `birthday`, `city`, `country`, `photo_id`, `created_at`, `updated_at`) VALUES (16, '', '1982-04-24', 'Deckowville', 'Cote d\'Ivoire', 33, '2011-10-10 21:46:47', '2020-01-01 22:04:59');
INSERT INTO `profiles` (`user_id`, `gender`, `birthday`, `city`, `country`, `photo_id`, `created_at`, `updated_at`) VALUES (17, '', '1977-03-24', 'South Kaia', 'Afghanistan', 84, '2011-04-20 13:47:06', '2019-03-17 09:53:35');
INSERT INTO `profiles` (`user_id`, `gender`, `birthday`, `city`, `country`, `photo_id`, `created_at`, `updated_at`) VALUES (18, '', '1988-05-31', 'Alaynaport', 'Micronesia', 10, '2018-10-16 12:29:12', '2019-09-26 19:47:11');
INSERT INTO `profiles` (`user_id`, `gender`, `birthday`, `city`, `country`, `photo_id`, `created_at`, `updated_at`) VALUES (19, '', '2007-06-21', 'South Juana', 'Dominica', 31, '2018-09-08 07:31:14', '2019-05-04 09:01:48');
INSERT INTO `profiles` (`user_id`, `gender`, `birthday`, `city`, `country`, `photo_id`, `created_at`, `updated_at`) VALUES (20, '', '1983-08-15', 'New Filomena', 'Falkland Islands (Malvinas)', 15, '2016-12-11 09:23:42', '2019-05-15 10:44:07');
INSERT INTO `profiles` (`user_id`, `gender`, `birthday`, `city`, `country`, `photo_id`, `created_at`, `updated_at`) VALUES (21, '', '1970-10-21', 'Konopelskiton', 'Cape Verde', 48, '2018-12-03 04:11:54', '2020-02-21 19:06:04');
INSERT INTO `profiles` (`user_id`, `gender`, `birthday`, `city`, `country`, `photo_id`, `created_at`, `updated_at`) VALUES (22, '', '1998-01-02', 'West Jovannyfort', 'Wallis and Futuna', 76, '2011-11-10 14:30:48', '2019-08-24 18:04:35');
INSERT INTO `profiles` (`user_id`, `gender`, `birthday`, `city`, `country`, `photo_id`, `created_at`, `updated_at`) VALUES (23, '', '2016-01-29', 'West Gordon', 'Barbados', 13, '2012-03-29 23:19:37', '2019-11-20 14:14:07');
INSERT INTO `profiles` (`user_id`, `gender`, `birthday`, `city`, `country`, `photo_id`, `created_at`, `updated_at`) VALUES (24, '', '2011-04-10', 'Port Salma', 'Ethiopia', 14, '2010-03-14 17:59:43', '2019-06-13 10:08:33');
INSERT INTO `profiles` (`user_id`, `gender`, `birthday`, `city`, `country`, `photo_id`, `created_at`, `updated_at`) VALUES (25, '', '1990-06-01', 'Cruickshankbury', 'Armenia', 24, '2012-02-09 18:09:14', '2019-10-09 00:41:13');
INSERT INTO `profiles` (`user_id`, `gender`, `birthday`, `city`, `country`, `photo_id`, `created_at`, `updated_at`) VALUES (26, '', '2017-06-09', 'Port Toytown', 'Netherlands', 12, '2019-01-06 03:14:12', '2020-02-04 15:18:13');
INSERT INTO `profiles` (`user_id`, `gender`, `birthday`, `city`, `country`, `photo_id`, `created_at`, `updated_at`) VALUES (27, '', '1971-01-23', 'Jannieville', 'Solomon Islands', 21, '2011-05-11 04:19:00', '2019-07-04 04:47:47');
INSERT INTO `profiles` (`user_id`, `gender`, `birthday`, `city`, `country`, `photo_id`, `created_at`, `updated_at`) VALUES (28, '', '2013-07-10', 'Carlottaside', 'Maldives', 37, '2014-07-18 13:18:31', '2019-06-02 13:56:44');
INSERT INTO `profiles` (`user_id`, `gender`, `birthday`, `city`, `country`, `photo_id`, `created_at`, `updated_at`) VALUES (29, '', '2015-11-18', 'Malvinatown', 'Senegal', 74, '2012-08-06 19:32:59', '2020-02-25 04:01:18');
INSERT INTO `profiles` (`user_id`, `gender`, `birthday`, `city`, `country`, `photo_id`, `created_at`, `updated_at`) VALUES (30, '', '1973-07-21', 'Lake Erikaburgh', 'Nepal', 46, '2015-03-01 00:48:20', '2020-01-11 20:35:59');
INSERT INTO `profiles` (`user_id`, `gender`, `birthday`, `city`, `country`, `photo_id`, `created_at`, `updated_at`) VALUES (31, '', '1995-11-02', 'Port Ara', 'Ethiopia', 20, '2012-12-14 01:55:00', '2019-11-27 18:54:48');
INSERT INTO `profiles` (`user_id`, `gender`, `birthday`, `city`, `country`, `photo_id`, `created_at`, `updated_at`) VALUES (32, '', '1981-03-25', 'Jeremyfurt', 'Gabon', 71, '2016-11-23 03:51:22', '2019-06-22 09:21:16');
INSERT INTO `profiles` (`user_id`, `gender`, `birthday`, `city`, `country`, `photo_id`, `created_at`, `updated_at`) VALUES (33, '', '2004-07-13', 'Lake Emmanuellefort', 'Comoros', 36, '2017-03-17 13:59:17', '2019-03-22 08:43:55');
INSERT INTO `profiles` (`user_id`, `gender`, `birthday`, `city`, `country`, `photo_id`, `created_at`, `updated_at`) VALUES (34, '', '2009-03-07', 'Arvidshire', 'Finland', 22, '2016-04-04 03:49:06', '2019-07-21 14:22:28');
INSERT INTO `profiles` (`user_id`, `gender`, `birthday`, `city`, `country`, `photo_id`, `created_at`, `updated_at`) VALUES (35, '', '1976-05-14', 'Port Carliborough', 'Poland', 67, '2017-07-19 07:33:52', '2019-12-17 17:30:39');
INSERT INTO `profiles` (`user_id`, `gender`, `birthday`, `city`, `country`, `photo_id`, `created_at`, `updated_at`) VALUES (36, '', '2002-08-15', 'Huelport', 'Philippines', 8, '2017-05-09 11:21:43', '2019-09-11 04:40:22');
INSERT INTO `profiles` (`user_id`, `gender`, `birthday`, `city`, `country`, `photo_id`, `created_at`, `updated_at`) VALUES (37, '', '2002-03-03', 'Forestview', 'Myanmar', 82, '2010-11-01 06:14:21', '2019-08-04 01:33:09');
INSERT INTO `profiles` (`user_id`, `gender`, `birthday`, `city`, `country`, `photo_id`, `created_at`, `updated_at`) VALUES (38, '', '2007-03-11', 'Port Etha', 'Eritrea', 9, '2018-06-04 13:54:24', '2019-12-28 00:11:38');
INSERT INTO `profiles` (`user_id`, `gender`, `birthday`, `city`, `country`, `photo_id`, `created_at`, `updated_at`) VALUES (39, '', '2009-07-20', 'Lake Astridstad', 'Israel', 31, '2010-11-28 03:43:50', '2019-11-05 19:17:14');
INSERT INTO `profiles` (`user_id`, `gender`, `birthday`, `city`, `country`, `photo_id`, `created_at`, `updated_at`) VALUES (40, '', '1992-10-09', 'Lake Brett', 'Moldova', 58, '2018-11-27 17:45:05', '2019-09-10 16:08:05');
INSERT INTO `profiles` (`user_id`, `gender`, `birthday`, `city`, `country`, `photo_id`, `created_at`, `updated_at`) VALUES (41, '', '1975-01-10', 'Alecville', 'South Georgia and the South Sandwich Islands', 30, '2019-06-13 01:33:41', '2019-07-24 04:27:48');
INSERT INTO `profiles` (`user_id`, `gender`, `birthday`, `city`, `country`, `photo_id`, `created_at`, `updated_at`) VALUES (42, '', '1972-12-29', 'Candidafurt', 'Wallis and Futuna', 40, '2014-02-28 08:36:48', '2019-12-22 15:15:34');
INSERT INTO `profiles` (`user_id`, `gender`, `birthday`, `city`, `country`, `photo_id`, `created_at`, `updated_at`) VALUES (43, '', '1980-05-17', 'West Juliet', 'Turkmenistan', 93, '2014-07-23 08:52:53', '2019-12-12 11:14:01');
INSERT INTO `profiles` (`user_id`, `gender`, `birthday`, `city`, `country`, `photo_id`, `created_at`, `updated_at`) VALUES (44, '', '1977-10-18', 'Roryshire', 'Guinea-Bissau', 20, '2019-03-05 15:21:43', '2019-02-28 19:47:25');
INSERT INTO `profiles` (`user_id`, `gender`, `birthday`, `city`, `country`, `photo_id`, `created_at`, `updated_at`) VALUES (45, '', '1982-05-22', 'New Ivoryton', 'Tunisia', 93, '2013-06-26 09:33:24', '2019-10-20 15:26:22');
INSERT INTO `profiles` (`user_id`, `gender`, `birthday`, `city`, `country`, `photo_id`, `created_at`, `updated_at`) VALUES (46, '', '1993-06-06', 'Kuphalshire', 'Niger', 74, '2010-05-08 18:17:29', '2019-11-06 04:51:50');
INSERT INTO `profiles` (`user_id`, `gender`, `birthday`, `city`, `country`, `photo_id`, `created_at`, `updated_at`) VALUES (47, '', '2001-06-18', 'North Reneport', 'Mayotte', 10, '2011-01-07 20:45:26', '2019-04-30 01:33:26');
INSERT INTO `profiles` (`user_id`, `gender`, `birthday`, `city`, `country`, `photo_id`, `created_at`, `updated_at`) VALUES (48, '', '1995-10-17', 'Lake Josephton', 'Netherlands', 38, '2017-10-13 03:59:22', '2019-07-31 18:28:07');
INSERT INTO `profiles` (`user_id`, `gender`, `birthday`, `city`, `country`, `photo_id`, `created_at`, `updated_at`) VALUES (49, '', '2014-06-12', 'Braunburgh', 'France', 87, '2019-08-17 03:10:41', '2019-07-09 19:21:06');
INSERT INTO `profiles` (`user_id`, `gender`, `birthday`, `city`, `country`, `photo_id`, `created_at`, `updated_at`) VALUES (50, '', '2012-08-12', 'Creminmouth', 'Kuwait', 28, '2011-09-21 21:03:25', '2019-07-17 10:50:03');
INSERT INTO `profiles` (`user_id`, `gender`, `birthday`, `city`, `country`, `photo_id`, `created_at`, `updated_at`) VALUES (51, '', '2011-12-15', 'North Nyasia', 'San Marino', 13, '2016-05-21 02:20:55', '2020-02-01 21:25:15');
INSERT INTO `profiles` (`user_id`, `gender`, `birthday`, `city`, `country`, `photo_id`, `created_at`, `updated_at`) VALUES (52, '', '1984-01-21', 'West Deron', 'China', 35, '2012-11-19 04:51:46', '2019-12-14 12:41:15');
INSERT INTO `profiles` (`user_id`, `gender`, `birthday`, `city`, `country`, `photo_id`, `created_at`, `updated_at`) VALUES (53, '', '1971-07-31', 'New Trace', 'Georgia', 19, '2011-12-01 19:34:28', '2020-02-10 03:53:07');
INSERT INTO `profiles` (`user_id`, `gender`, `birthday`, `city`, `country`, `photo_id`, `created_at`, `updated_at`) VALUES (54, '', '1980-03-21', 'Allenmouth', 'Malta', 80, '2013-02-28 16:56:16', '2019-07-08 03:31:08');
INSERT INTO `profiles` (`user_id`, `gender`, `birthday`, `city`, `country`, `photo_id`, `created_at`, `updated_at`) VALUES (55, '', '1976-04-19', 'Toreyhaven', 'Sierra Leone', 30, '2019-10-05 14:45:58', '2019-07-31 06:32:00');
INSERT INTO `profiles` (`user_id`, `gender`, `birthday`, `city`, `country`, `photo_id`, `created_at`, `updated_at`) VALUES (56, '', '1984-08-31', 'Garretbury', 'Northern Mariana Islands', 99, '2014-05-01 11:47:03', '2019-10-14 08:00:12');
INSERT INTO `profiles` (`user_id`, `gender`, `birthday`, `city`, `country`, `photo_id`, `created_at`, `updated_at`) VALUES (57, '', '1997-10-05', 'Fayberg', 'Macedonia', 58, '2011-02-14 15:38:20', '2020-02-20 05:30:00');
INSERT INTO `profiles` (`user_id`, `gender`, `birthday`, `city`, `country`, `photo_id`, `created_at`, `updated_at`) VALUES (58, '', '1972-07-10', 'East Terrence', 'Kenya', 2, '2019-03-31 21:10:52', '2019-05-26 22:12:29');
INSERT INTO `profiles` (`user_id`, `gender`, `birthday`, `city`, `country`, `photo_id`, `created_at`, `updated_at`) VALUES (59, '', '1973-11-06', 'New Alec', 'Korea', 68, '2018-05-11 19:27:05', '2019-05-06 21:11:25');
INSERT INTO `profiles` (`user_id`, `gender`, `birthday`, `city`, `country`, `photo_id`, `created_at`, `updated_at`) VALUES (60, '', '2012-05-03', 'Port Agustina', 'Singapore', 5, '2014-04-30 03:05:29', '2019-06-15 06:03:30');
INSERT INTO `profiles` (`user_id`, `gender`, `birthday`, `city`, `country`, `photo_id`, `created_at`, `updated_at`) VALUES (61, '', '1978-07-18', 'East Lizziemouth', 'Heard Island and McDonald Islands', 7, '2011-12-23 21:19:12', '2019-03-26 07:26:45');
INSERT INTO `profiles` (`user_id`, `gender`, `birthday`, `city`, `country`, `photo_id`, `created_at`, `updated_at`) VALUES (62, '', '2000-09-13', 'Manteshire', 'Botswana', 55, '2014-02-22 12:24:03', '2020-01-21 17:03:47');
INSERT INTO `profiles` (`user_id`, `gender`, `birthday`, `city`, `country`, `photo_id`, `created_at`, `updated_at`) VALUES (63, '', '2014-01-04', 'Lake Jessicaport', 'Saint Barthelemy', 18, '2017-12-15 10:21:10', '2019-04-12 00:57:52');
INSERT INTO `profiles` (`user_id`, `gender`, `birthday`, `city`, `country`, `photo_id`, `created_at`, `updated_at`) VALUES (64, '', '1984-08-07', 'New Una', 'Togo', 5, '2013-02-12 01:24:26', '2019-05-15 15:39:31');
INSERT INTO `profiles` (`user_id`, `gender`, `birthday`, `city`, `country`, `photo_id`, `created_at`, `updated_at`) VALUES (65, '', '1990-07-15', 'Ettieberg', 'Jersey', 7, '2011-09-05 10:06:34', '2020-01-20 06:33:36');
INSERT INTO `profiles` (`user_id`, `gender`, `birthday`, `city`, `country`, `photo_id`, `created_at`, `updated_at`) VALUES (66, '', '1999-09-14', 'South Bartholomeside', 'Australia', 65, '2019-03-11 02:33:42', '2020-02-08 01:15:09');
INSERT INTO `profiles` (`user_id`, `gender`, `birthday`, `city`, `country`, `photo_id`, `created_at`, `updated_at`) VALUES (67, '', '1999-01-04', 'Lake Ramona', 'Niger', 57, '2017-01-20 09:52:49', '2020-01-12 18:51:08');
INSERT INTO `profiles` (`user_id`, `gender`, `birthday`, `city`, `country`, `photo_id`, `created_at`, `updated_at`) VALUES (68, '', '2017-12-07', 'West Nyasiafort', 'Zimbabwe', 35, '2015-03-07 06:18:34', '2019-06-17 04:42:53');
INSERT INTO `profiles` (`user_id`, `gender`, `birthday`, `city`, `country`, `photo_id`, `created_at`, `updated_at`) VALUES (69, '', '1994-08-19', 'Connberg', 'Kuwait', 48, '2011-04-09 12:27:25', '2020-01-25 12:35:34');
INSERT INTO `profiles` (`user_id`, `gender`, `birthday`, `city`, `country`, `photo_id`, `created_at`, `updated_at`) VALUES (70, '', '2006-05-14', 'East Beulah', 'Dominica', 77, '2015-02-12 02:34:30', '2019-09-16 11:14:59');
INSERT INTO `profiles` (`user_id`, `gender`, `birthday`, `city`, `country`, `photo_id`, `created_at`, `updated_at`) VALUES (71, '', '1981-09-17', 'South Alvinachester', 'Honduras', 33, '2012-12-21 16:56:01', '2020-02-03 14:47:47');
INSERT INTO `profiles` (`user_id`, `gender`, `birthday`, `city`, `country`, `photo_id`, `created_at`, `updated_at`) VALUES (72, '', '1976-11-10', 'Maurineshire', 'Antarctica (the territory South of 60 deg S)', 12, '2015-02-09 14:23:14', '2019-06-15 08:26:18');
INSERT INTO `profiles` (`user_id`, `gender`, `birthday`, `city`, `country`, `photo_id`, `created_at`, `updated_at`) VALUES (73, '', '2018-06-22', 'East Rosalinda', 'Tunisia', 87, '2017-03-17 15:31:28', '2019-03-01 07:10:50');
INSERT INTO `profiles` (`user_id`, `gender`, `birthday`, `city`, `country`, `photo_id`, `created_at`, `updated_at`) VALUES (74, '', '1975-01-05', 'Jordanemouth', 'Kyrgyz Republic', 28, '2015-09-17 11:57:50', '2019-08-14 23:30:17');
INSERT INTO `profiles` (`user_id`, `gender`, `birthday`, `city`, `country`, `photo_id`, `created_at`, `updated_at`) VALUES (75, '', '1986-10-11', 'North Tomas', 'Eritrea', 41, '2015-03-24 14:27:47', '2019-08-28 04:46:32');
INSERT INTO `profiles` (`user_id`, `gender`, `birthday`, `city`, `country`, `photo_id`, `created_at`, `updated_at`) VALUES (76, '', '1975-06-26', 'Lake Vincent', 'Turkey', 62, '2014-01-19 14:16:01', '2019-05-07 16:19:56');
INSERT INTO `profiles` (`user_id`, `gender`, `birthday`, `city`, `country`, `photo_id`, `created_at`, `updated_at`) VALUES (77, '', '1972-03-05', 'Smithamberg', 'Tuvalu', 9, '2010-08-12 04:45:52', '2019-10-15 00:09:40');
INSERT INTO `profiles` (`user_id`, `gender`, `birthday`, `city`, `country`, `photo_id`, `created_at`, `updated_at`) VALUES (78, '', '2003-04-27', 'West Tommie', 'Mexico', 68, '2015-12-11 06:51:35', '2019-09-15 10:37:56');
INSERT INTO `profiles` (`user_id`, `gender`, `birthday`, `city`, `country`, `photo_id`, `created_at`, `updated_at`) VALUES (79, '', '1977-01-03', 'South Barrettfort', 'Moldova', 46, '2017-01-11 06:09:56', '2020-01-20 11:29:24');
INSERT INTO `profiles` (`user_id`, `gender`, `birthday`, `city`, `country`, `photo_id`, `created_at`, `updated_at`) VALUES (80, '', '1977-08-21', 'Faybury', 'Martinique', 27, '2019-03-06 03:20:17', '2019-06-06 22:56:35');
INSERT INTO `profiles` (`user_id`, `gender`, `birthday`, `city`, `country`, `photo_id`, `created_at`, `updated_at`) VALUES (81, '', '2019-10-22', 'Port Ramon', 'Montserrat', 49, '2013-01-18 23:56:41', '2019-06-30 12:50:01');
INSERT INTO `profiles` (`user_id`, `gender`, `birthday`, `city`, `country`, `photo_id`, `created_at`, `updated_at`) VALUES (82, '', '2003-04-22', 'East Elisa', 'Spain', 17, '2012-03-18 01:06:52', '2019-12-21 10:05:27');
INSERT INTO `profiles` (`user_id`, `gender`, `birthday`, `city`, `country`, `photo_id`, `created_at`, `updated_at`) VALUES (83, '', '2017-07-26', 'Port Frankiestad', 'Japan', 53, '2020-01-11 14:26:24', '2020-02-10 22:33:00');
INSERT INTO `profiles` (`user_id`, `gender`, `birthday`, `city`, `country`, `photo_id`, `created_at`, `updated_at`) VALUES (84, '', '2005-11-26', 'Blockport', 'Guadeloupe', 58, '2018-03-17 16:43:59', '2019-08-04 00:11:27');
INSERT INTO `profiles` (`user_id`, `gender`, `birthday`, `city`, `country`, `photo_id`, `created_at`, `updated_at`) VALUES (85, '', '2013-02-09', 'Lake Donatomouth', 'Gibraltar', 59, '2012-11-10 06:29:31', '2019-09-19 04:45:11');
INSERT INTO `profiles` (`user_id`, `gender`, `birthday`, `city`, `country`, `photo_id`, `created_at`, `updated_at`) VALUES (86, '', '2006-06-08', 'Madisynside', 'Svalbard & Jan Mayen Islands', 7, '2014-06-18 20:55:00', '2019-03-27 13:44:17');
INSERT INTO `profiles` (`user_id`, `gender`, `birthday`, `city`, `country`, `photo_id`, `created_at`, `updated_at`) VALUES (87, '', '1972-07-04', 'New Gordonville', 'Georgia', 65, '2010-09-26 13:48:00', '2020-02-21 16:29:20');
INSERT INTO `profiles` (`user_id`, `gender`, `birthday`, `city`, `country`, `photo_id`, `created_at`, `updated_at`) VALUES (88, '', '1993-12-03', 'Lake Ryan', 'Pakistan', 73, '2018-02-08 00:21:42', '2019-05-27 08:20:58');
INSERT INTO `profiles` (`user_id`, `gender`, `birthday`, `city`, `country`, `photo_id`, `created_at`, `updated_at`) VALUES (89, '', '1985-06-02', 'Kerlukeview', 'Portugal', 71, '2014-01-05 23:39:11', '2019-10-22 16:39:23');
INSERT INTO `profiles` (`user_id`, `gender`, `birthday`, `city`, `country`, `photo_id`, `created_at`, `updated_at`) VALUES (90, '', '1977-11-12', 'Lednermouth', 'Nepal', 83, '2014-04-23 23:46:49', '2019-12-08 19:06:36');
INSERT INTO `profiles` (`user_id`, `gender`, `birthday`, `city`, `country`, `photo_id`, `created_at`, `updated_at`) VALUES (91, '', '2002-07-24', 'Leannonton', 'Madagascar', 7, '2011-09-19 13:43:42', '2019-04-24 02:00:48');
INSERT INTO `profiles` (`user_id`, `gender`, `birthday`, `city`, `country`, `photo_id`, `created_at`, `updated_at`) VALUES (92, '', '2010-06-20', 'East Hardy', 'Bulgaria', 13, '2012-05-30 18:16:43', '2019-03-31 18:56:09');
INSERT INTO `profiles` (`user_id`, `gender`, `birthday`, `city`, `country`, `photo_id`, `created_at`, `updated_at`) VALUES (93, '', '1972-08-03', 'Kendallmouth', 'Georgia', 42, '2012-05-30 11:09:28', '2019-07-27 13:54:49');
INSERT INTO `profiles` (`user_id`, `gender`, `birthday`, `city`, `country`, `photo_id`, `created_at`, `updated_at`) VALUES (94, '', '1970-02-18', 'West Willieville', 'South Africa', 54, '2013-09-12 23:28:02', '2020-01-21 14:43:53');
INSERT INTO `profiles` (`user_id`, `gender`, `birthday`, `city`, `country`, `photo_id`, `created_at`, `updated_at`) VALUES (95, '', '2005-10-09', 'Port Dulce', 'Tuvalu', 39, '2020-01-10 23:15:05', '2019-12-02 06:29:31');
INSERT INTO `profiles` (`user_id`, `gender`, `birthday`, `city`, `country`, `photo_id`, `created_at`, `updated_at`) VALUES (96, '', '2008-03-26', 'North Jamaalstad', 'Greenland', 5, '2015-12-21 19:14:23', '2020-02-17 03:42:07');
INSERT INTO `profiles` (`user_id`, `gender`, `birthday`, `city`, `country`, `photo_id`, `created_at`, `updated_at`) VALUES (97, '', '1999-01-11', 'Weissnatborough', 'Heard Island and McDonald Islands', 78, '2017-07-20 23:16:03', '2019-05-21 06:50:14');
INSERT INTO `profiles` (`user_id`, `gender`, `birthday`, `city`, `country`, `photo_id`, `created_at`, `updated_at`) VALUES (98, '', '2005-09-28', 'Yundtshire', 'Dominica', 83, '2017-07-26 00:20:16', '2019-08-18 04:00:49');
INSERT INTO `profiles` (`user_id`, `gender`, `birthday`, `city`, `country`, `photo_id`, `created_at`, `updated_at`) VALUES (99, '', '1994-01-15', 'Jaysonberg', 'Germany', 24, '2018-01-04 15:36:31', '2019-03-15 18:50:22');
INSERT INTO `profiles` (`user_id`, `gender`, `birthday`, `city`, `country`, `photo_id`, `created_at`, `updated_at`) VALUES (100, '', '1974-05-08', 'Florianview', 'Slovenia', 90, '2019-10-26 00:39:43', '2019-08-26 06:55:11');


#
# TABLE STRUCTURE FOR: users
#

DROP TABLE IF EXISTS `users`;

CREATE TABLE `users` (
  `id` int(10) unsigned NOT NULL AUTO_INCREMENT,
  `first_name` varchar(100) COLLATE utf8_unicode_ci NOT NULL,
  `last_name` varchar(100) COLLATE utf8_unicode_ci NOT NULL,
  `email` varchar(120) COLLATE utf8_unicode_ci NOT NULL,
  `phone` varchar(120) COLLATE utf8_unicode_ci NOT NULL,
  `created_at` datetime DEFAULT current_timestamp(),
  `updated_at` datetime DEFAULT current_timestamp() ON UPDATE current_timestamp(),
  PRIMARY KEY (`id`),
  UNIQUE KEY `email` (`email`),
  UNIQUE KEY `phone` (`phone`)
) ENGINE=InnoDB AUTO_INCREMENT=101 DEFAULT CHARSET=utf8 COLLATE=utf8_unicode_ci;

INSERT INTO `users` (`id`, `first_name`, `last_name`, `email`, `phone`, `created_at`, `updated_at`) VALUES (1, 'Mya', 'Haley', 'ari.hills@example.org', '01158175357', '2015-05-11 08:24:15', '2019-07-28 06:16:37');
INSERT INTO `users` (`id`, `first_name`, `last_name`, `email`, `phone`, `created_at`, `updated_at`) VALUES (2, 'Tyrique', 'Lakin', 'hilpert.ofelia@example.com', '085-148-9422x1311', '2017-09-16 05:55:20', '2019-08-25 01:38:23');
INSERT INTO `users` (`id`, `first_name`, `last_name`, `email`, `phone`, `created_at`, `updated_at`) VALUES (3, 'Isaiah', 'Medhurst', 'nkoelpin@example.com', '(976)240-7196x043', '2011-03-26 03:48:55', '2019-04-28 07:58:35');
INSERT INTO `users` (`id`, `first_name`, `last_name`, `email`, `phone`, `created_at`, `updated_at`) VALUES (4, 'Loraine', 'Grant', 'reid.macejkovic@example.com', '(142)863-6090x11105', '2018-07-31 15:23:25', '2019-05-31 23:46:58');
INSERT INTO `users` (`id`, `first_name`, `last_name`, `email`, `phone`, `created_at`, `updated_at`) VALUES (5, 'Guy', 'Koss', 'rashad.altenwerth@example.net', '1-175-920-7475x70171', '2012-05-30 11:15:13', '2019-10-03 21:56:56');
INSERT INTO `users` (`id`, `first_name`, `last_name`, `email`, `phone`, `created_at`, `updated_at`) VALUES (6, 'Roman', 'Kihn', 'wwatsica@example.org', '1-116-391-3226', '2014-08-12 10:14:20', '2019-08-23 11:23:22');
INSERT INTO `users` (`id`, `first_name`, `last_name`, `email`, `phone`, `created_at`, `updated_at`) VALUES (7, 'Eleanora', 'Schoen', 'damian41@example.net', '09639074119', '2015-12-21 07:57:42', '2019-11-03 09:31:24');
INSERT INTO `users` (`id`, `first_name`, `last_name`, `email`, `phone`, `created_at`, `updated_at`) VALUES (8, 'Casimer', 'Swaniawski', 'kmitchell@example.com', '334.758.9478x68694', '2013-12-14 16:56:36', '2019-05-02 18:06:07');
INSERT INTO `users` (`id`, `first_name`, `last_name`, `email`, `phone`, `created_at`, `updated_at`) VALUES (9, 'Octavia', 'Kutch', 'billy06@example.net', '(002)334-7087', '2017-04-23 11:57:43', '2019-09-24 21:41:20');
INSERT INTO `users` (`id`, `first_name`, `last_name`, `email`, `phone`, `created_at`, `updated_at`) VALUES (10, 'Jabari', 'Bartoletti', 'kennith.bahringer@example.org', '168-494-9706x7784', '2013-12-16 19:50:07', '2019-04-29 21:16:42');
INSERT INTO `users` (`id`, `first_name`, `last_name`, `email`, `phone`, `created_at`, `updated_at`) VALUES (11, 'Jesse', 'Kuhic', 'tyrese45@example.com', '04671061765', '2012-05-12 04:09:05', '2019-06-29 22:49:56');
INSERT INTO `users` (`id`, `first_name`, `last_name`, `email`, `phone`, `created_at`, `updated_at`) VALUES (12, 'Claud', 'Terry', 'everardo.daniel@example.net', '(394)760-2839', '2019-01-13 03:48:00', '2019-10-23 22:02:39');
INSERT INTO `users` (`id`, `first_name`, `last_name`, `email`, `phone`, `created_at`, `updated_at`) VALUES (13, 'Payton', 'Heaney', 'bechtelar.darian@example.com', '+56(4)1166853028', '2010-03-18 18:27:45', '2019-12-25 00:37:15');
INSERT INTO `users` (`id`, `first_name`, `last_name`, `email`, `phone`, `created_at`, `updated_at`) VALUES (14, 'Brando', 'Gutkowski', 'burnice00@example.com', '403.879.6227', '2010-05-16 16:07:09', '2019-05-01 04:09:02');
INSERT INTO `users` (`id`, `first_name`, `last_name`, `email`, `phone`, `created_at`, `updated_at`) VALUES (15, 'Alda', 'Wilkinson', 'nicolas.beer@example.com', '1-604-627-6939x59933', '2013-02-09 00:22:18', '2019-07-15 01:10:36');
INSERT INTO `users` (`id`, `first_name`, `last_name`, `email`, `phone`, `created_at`, `updated_at`) VALUES (16, 'Pierre', 'Sporer', 'klocko.nora@example.com', '(073)025-7862', '2018-04-21 23:20:00', '2019-06-04 07:12:23');
INSERT INTO `users` (`id`, `first_name`, `last_name`, `email`, `phone`, `created_at`, `updated_at`) VALUES (17, 'Russell', 'Volkman', 'ugaylord@example.org', '(345)492-1167', '2010-05-21 16:43:04', '2019-11-19 15:47:57');
INSERT INTO `users` (`id`, `first_name`, `last_name`, `email`, `phone`, `created_at`, `updated_at`) VALUES (18, 'Eugenia', 'Wiza', 'hyatt.jarvis@example.org', '1-607-145-7957', '2015-01-15 05:44:15', '2019-10-25 12:49:05');
INSERT INTO `users` (`id`, `first_name`, `last_name`, `email`, `phone`, `created_at`, `updated_at`) VALUES (19, 'Rafael', 'Kutch', 'cummings.janie@example.com', '1-005-635-0161', '2011-12-12 20:59:00', '2019-12-29 00:54:35');
INSERT INTO `users` (`id`, `first_name`, `last_name`, `email`, `phone`, `created_at`, `updated_at`) VALUES (20, 'Efren', 'Botsford', 'padberg.friedrich@example.com', '660.973.0260', '2018-12-14 03:16:55', '2019-12-26 05:06:44');
INSERT INTO `users` (`id`, `first_name`, `last_name`, `email`, `phone`, `created_at`, `updated_at`) VALUES (21, 'Carson', 'Gutkowski', 'aileen96@example.net', '699-961-9437x10487', '2018-04-05 03:44:17', '2019-08-21 23:55:10');
INSERT INTO `users` (`id`, `first_name`, `last_name`, `email`, `phone`, `created_at`, `updated_at`) VALUES (22, 'Ryley', 'Kautzer', 'nelda.skiles@example.net', '1-611-027-3961x1556', '2011-03-13 00:42:01', '2019-06-16 20:51:41');
INSERT INTO `users` (`id`, `first_name`, `last_name`, `email`, `phone`, `created_at`, `updated_at`) VALUES (23, 'Arnoldo', 'Okuneva', 'alejandra68@example.org', '1-957-517-3464', '2019-07-16 15:00:39', '2019-08-06 14:57:01');
INSERT INTO `users` (`id`, `first_name`, `last_name`, `email`, `phone`, `created_at`, `updated_at`) VALUES (24, 'Eusebio', 'Weimann', 'chelsey.hansen@example.net', '+97(7)5111122888', '2011-03-05 00:00:47', '2019-06-06 14:54:05');
INSERT INTO `users` (`id`, `first_name`, `last_name`, `email`, `phone`, `created_at`, `updated_at`) VALUES (25, 'Manuela', 'Heaney', 'sylvia.kulas@example.org', '884-074-3645x54132', '2016-03-24 15:41:00', '2019-05-02 00:05:27');
INSERT INTO `users` (`id`, `first_name`, `last_name`, `email`, `phone`, `created_at`, `updated_at`) VALUES (26, 'Christina', 'Bartoletti', 'dswift@example.com', '1-720-023-2579x5327', '2019-01-07 14:57:10', '2019-09-26 00:47:24');
INSERT INTO `users` (`id`, `first_name`, `last_name`, `email`, `phone`, `created_at`, `updated_at`) VALUES (27, 'Verner', 'McDermott', 'cecilia.tillman@example.org', '1-162-611-1908', '2015-12-03 21:52:47', '2019-03-29 14:00:45');
INSERT INTO `users` (`id`, `first_name`, `last_name`, `email`, `phone`, `created_at`, `updated_at`) VALUES (28, 'Robyn', 'Moen', 'xcruickshank@example.com', '03139475843', '2016-05-05 16:51:16', '2019-11-04 07:38:55');
INSERT INTO `users` (`id`, `first_name`, `last_name`, `email`, `phone`, `created_at`, `updated_at`) VALUES (29, 'Diego', 'Torp', 'mark96@example.com', '1-058-545-3850', '2012-08-10 04:33:46', '2019-06-24 06:18:11');
INSERT INTO `users` (`id`, `first_name`, `last_name`, `email`, `phone`, `created_at`, `updated_at`) VALUES (30, 'Kirsten', 'Treutel', 'melody.parker@example.net', '(196)662-8430', '2011-12-01 17:22:30', '2020-01-05 23:44:13');
INSERT INTO `users` (`id`, `first_name`, `last_name`, `email`, `phone`, `created_at`, `updated_at`) VALUES (31, 'Thaddeus', 'Grimes', 'dstroman@example.org', '343-735-2608x54059', '2012-10-17 16:42:33', '2020-01-07 00:21:01');
INSERT INTO `users` (`id`, `first_name`, `last_name`, `email`, `phone`, `created_at`, `updated_at`) VALUES (32, 'Euna', 'Altenwerth', 'ned74@example.net', '00736289315', '2018-04-15 11:42:17', '2019-11-29 18:55:49');
INSERT INTO `users` (`id`, `first_name`, `last_name`, `email`, `phone`, `created_at`, `updated_at`) VALUES (33, 'Gay', 'Hagenes', 'kozey.rubye@example.net', '1-992-502-1834x341', '2013-11-16 13:33:09', '2019-11-24 08:25:00');
INSERT INTO `users` (`id`, `first_name`, `last_name`, `email`, `phone`, `created_at`, `updated_at`) VALUES (34, 'Jace', 'Marks', 'glover.colten@example.org', '542.311.0136x518', '2018-07-16 06:49:51', '2019-10-30 07:06:24');
INSERT INTO `users` (`id`, `first_name`, `last_name`, `email`, `phone`, `created_at`, `updated_at`) VALUES (35, 'Domenica', 'Carter', 'mraz.orval@example.org', '08266457097', '2010-08-24 00:18:33', '2019-08-18 15:58:52');
INSERT INTO `users` (`id`, `first_name`, `last_name`, `email`, `phone`, `created_at`, `updated_at`) VALUES (36, 'Cortney', 'Bogisich', 'jalon61@example.net', '177.616.1681', '2010-09-18 04:22:41', '2019-05-06 04:06:51');
INSERT INTO `users` (`id`, `first_name`, `last_name`, `email`, `phone`, `created_at`, `updated_at`) VALUES (37, 'Addie', 'Yundt', 'watson.auer@example.com', '+18(1)2063673199', '2014-03-06 11:16:41', '2019-10-09 03:42:16');
INSERT INTO `users` (`id`, `first_name`, `last_name`, `email`, `phone`, `created_at`, `updated_at`) VALUES (38, 'Aniya', 'Runolfsson', 'hthiel@example.org', '713.472.6593', '2011-03-05 16:18:42', '2019-10-28 17:48:06');
INSERT INTO `users` (`id`, `first_name`, `last_name`, `email`, `phone`, `created_at`, `updated_at`) VALUES (39, 'Assunta', 'Feeney', 'helen48@example.com', '+82(2)2221672385', '2017-01-25 13:59:35', '2019-08-15 17:23:46');
INSERT INTO `users` (`id`, `first_name`, `last_name`, `email`, `phone`, `created_at`, `updated_at`) VALUES (40, 'Lemuel', 'Von', 'ruecker.coralie@example.net', '884-596-5600x1984', '2012-06-04 22:20:22', '2019-09-10 02:00:04');
INSERT INTO `users` (`id`, `first_name`, `last_name`, `email`, `phone`, `created_at`, `updated_at`) VALUES (41, 'Charley', 'Glover', 'qo\'connell@example.org', '(763)768-2792', '2019-01-03 07:07:32', '2019-09-29 02:32:14');
INSERT INTO `users` (`id`, `first_name`, `last_name`, `email`, `phone`, `created_at`, `updated_at`) VALUES (42, 'Audreanne', 'Conn', 'abbey26@example.net', '536-126-9722x8546', '2016-03-12 21:35:23', '2019-03-03 04:54:07');
INSERT INTO `users` (`id`, `first_name`, `last_name`, `email`, `phone`, `created_at`, `updated_at`) VALUES (43, 'Rosemary', 'Raynor', 'herzog.franz@example.org', '058-061-4472', '2018-03-15 02:09:10', '2019-07-10 17:21:33');
INSERT INTO `users` (`id`, `first_name`, `last_name`, `email`, `phone`, `created_at`, `updated_at`) VALUES (44, 'Selina', 'Tromp', 'waldo.crona@example.com', '1-363-647-4600', '2017-03-22 04:43:45', '2019-12-24 20:09:29');
INSERT INTO `users` (`id`, `first_name`, `last_name`, `email`, `phone`, `created_at`, `updated_at`) VALUES (45, 'Magnolia', 'Hoeger', 'ykuphal@example.org', '401-752-8453x40773', '2010-06-18 18:32:33', '2019-10-16 07:34:01');
INSERT INTO `users` (`id`, `first_name`, `last_name`, `email`, `phone`, `created_at`, `updated_at`) VALUES (46, 'Marcelle', 'Lang', 'rahsaan43@example.com', '1-155-494-7777x886', '2010-12-06 05:06:19', '2019-08-22 17:30:21');
INSERT INTO `users` (`id`, `first_name`, `last_name`, `email`, `phone`, `created_at`, `updated_at`) VALUES (47, 'Halie', 'Johnston', 'jennings44@example.net', '(345)792-2245x66673', '2016-04-12 13:48:25', '2019-10-30 16:33:21');
INSERT INTO `users` (`id`, `first_name`, `last_name`, `email`, `phone`, `created_at`, `updated_at`) VALUES (48, 'Ramona', 'Armstrong', 'amya.bauch@example.org', '+94(9)7507269901', '2013-10-11 23:25:12', '2019-05-25 13:46:57');
INSERT INTO `users` (`id`, `first_name`, `last_name`, `email`, `phone`, `created_at`, `updated_at`) VALUES (49, 'Kamron', 'Ledner', 'buckridge.keshaun@example.com', '690-881-7571', '2019-11-14 01:02:13', '2019-03-15 05:51:57');
INSERT INTO `users` (`id`, `first_name`, `last_name`, `email`, `phone`, `created_at`, `updated_at`) VALUES (50, 'Katelin', 'Mann', 'icie76@example.org', '+56(3)1529659917', '2018-07-19 02:15:18', '2020-01-15 01:55:39');
INSERT INTO `users` (`id`, `first_name`, `last_name`, `email`, `phone`, `created_at`, `updated_at`) VALUES (51, 'Frida', 'Kulas', 'lo\'reilly@example.com', '573-215-8548', '2016-01-21 21:25:53', '2019-03-23 08:24:25');
INSERT INTO `users` (`id`, `first_name`, `last_name`, `email`, `phone`, `created_at`, `updated_at`) VALUES (52, 'Jonathon', 'Langosh', 'juvenal.connelly@example.com', '592.515.6325x8496', '2011-06-10 20:09:54', '2019-11-15 20:15:37');
INSERT INTO `users` (`id`, `first_name`, `last_name`, `email`, `phone`, `created_at`, `updated_at`) VALUES (53, 'Marion', 'Turcotte', 'tillman.windler@example.net', '410.586.0118x8024', '2010-05-15 21:52:03', '2019-03-25 19:44:59');
INSERT INTO `users` (`id`, `first_name`, `last_name`, `email`, `phone`, `created_at`, `updated_at`) VALUES (54, 'Mertie', 'Ankunding', 'stillman@example.com', '(987)339-2863x30391', '2014-12-21 00:29:09', '2019-05-26 17:22:42');
INSERT INTO `users` (`id`, `first_name`, `last_name`, `email`, `phone`, `created_at`, `updated_at`) VALUES (55, 'Austyn', 'Considine', 'deckow.tristian@example.net', '768.307.7048x406', '2018-08-09 12:52:01', '2019-12-28 21:37:56');
INSERT INTO `users` (`id`, `first_name`, `last_name`, `email`, `phone`, `created_at`, `updated_at`) VALUES (56, 'Ottis', 'Bernier', 'hardy.jast@example.net', '(737)184-2445x051', '2014-07-04 01:22:20', '2019-07-18 13:30:12');
INSERT INTO `users` (`id`, `first_name`, `last_name`, `email`, `phone`, `created_at`, `updated_at`) VALUES (57, 'Jodie', 'Wolf', 'gloria60@example.net', '(931)260-7575', '2018-11-13 14:41:15', '2019-09-17 13:14:15');
INSERT INTO `users` (`id`, `first_name`, `last_name`, `email`, `phone`, `created_at`, `updated_at`) VALUES (58, 'Addie', 'Becker', 'vdouglas@example.com', '148-009-1610', '2016-09-12 18:17:46', '2019-07-04 22:46:42');
INSERT INTO `users` (`id`, `first_name`, `last_name`, `email`, `phone`, `created_at`, `updated_at`) VALUES (59, 'Sherwood', 'Pollich', 'fmarquardt@example.net', '351.957.7783x70488', '2019-02-17 11:05:28', '2019-07-06 22:31:12');
INSERT INTO `users` (`id`, `first_name`, `last_name`, `email`, `phone`, `created_at`, `updated_at`) VALUES (60, 'Laverne', 'Graham', 'reina.runolfsson@example.com', '(059)312-4203x803', '2011-08-11 05:39:38', '2019-09-15 19:36:41');
INSERT INTO `users` (`id`, `first_name`, `last_name`, `email`, `phone`, `created_at`, `updated_at`) VALUES (61, 'Armando', 'McKenzie', 'jwiza@example.org', '531.584.6513', '2014-07-26 20:29:03', '2019-10-31 08:14:50');
INSERT INTO `users` (`id`, `first_name`, `last_name`, `email`, `phone`, `created_at`, `updated_at`) VALUES (62, 'Donna', 'Daniel', 'lucy.crooks@example.net', '1-609-171-3582x5391', '2017-01-19 01:51:06', '2020-01-21 03:02:59');
INSERT INTO `users` (`id`, `first_name`, `last_name`, `email`, `phone`, `created_at`, `updated_at`) VALUES (63, 'Asia', 'Feeney', 'runolfsdottir.madisyn@example.com', '(590)498-8674x0451', '2011-09-08 13:36:15', '2019-12-24 02:07:54');
INSERT INTO `users` (`id`, `first_name`, `last_name`, `email`, `phone`, `created_at`, `updated_at`) VALUES (64, 'Addie', 'Jacobs', 'sbode@example.com', '931-043-9672x5680', '2014-07-21 05:06:04', '2019-03-20 14:54:08');
INSERT INTO `users` (`id`, `first_name`, `last_name`, `email`, `phone`, `created_at`, `updated_at`) VALUES (65, 'Mark', 'Mayer', 'wroob@example.net', '126.855.3607x6916', '2017-09-10 09:41:54', '2019-08-22 12:43:10');
INSERT INTO `users` (`id`, `first_name`, `last_name`, `email`, `phone`, `created_at`, `updated_at`) VALUES (66, 'Joana', 'McLaughlin', 'west.franz@example.org', '054-127-1785x909', '2017-08-08 13:51:07', '2020-01-27 05:50:05');
INSERT INTO `users` (`id`, `first_name`, `last_name`, `email`, `phone`, `created_at`, `updated_at`) VALUES (67, 'Helene', 'Schultz', 'cfahey@example.net', '473.910.3469', '2011-03-10 12:53:29', '2019-05-15 12:54:48');
INSERT INTO `users` (`id`, `first_name`, `last_name`, `email`, `phone`, `created_at`, `updated_at`) VALUES (68, 'Elisabeth', 'Tromp', 'damon.mante@example.com', '015.940.6272', '2014-11-26 01:25:33', '2019-04-20 19:29:00');
INSERT INTO `users` (`id`, `first_name`, `last_name`, `email`, `phone`, `created_at`, `updated_at`) VALUES (69, 'Weldon', 'Feest', 'marks.napoleon@example.net', '941-439-9476x727', '2015-02-11 03:43:22', '2019-12-09 05:58:32');
INSERT INTO `users` (`id`, `first_name`, `last_name`, `email`, `phone`, `created_at`, `updated_at`) VALUES (70, 'Gwen', 'Auer', 'tremayne.crona@example.com', '1-153-063-2013x13306', '2017-05-27 12:07:39', '2019-08-07 18:43:56');
INSERT INTO `users` (`id`, `first_name`, `last_name`, `email`, `phone`, `created_at`, `updated_at`) VALUES (71, 'Hermina', 'Lemke', 'stacey.krajcik@example.org', '165.782.3172x90814', '2017-08-18 13:15:27', '2019-04-11 23:14:43');
INSERT INTO `users` (`id`, `first_name`, `last_name`, `email`, `phone`, `created_at`, `updated_at`) VALUES (72, 'Lea', 'Quigley', 'garrison.corwin@example.com', '1-044-984-8543x81832', '2014-07-10 17:09:50', '2019-12-07 14:22:06');
INSERT INTO `users` (`id`, `first_name`, `last_name`, `email`, `phone`, `created_at`, `updated_at`) VALUES (73, 'Cali', 'Shanahan', 'khermiston@example.com', '463-689-7412x86981', '2016-11-23 00:50:45', '2019-07-21 06:53:14');
INSERT INTO `users` (`id`, `first_name`, `last_name`, `email`, `phone`, `created_at`, `updated_at`) VALUES (74, 'Adelbert', 'Carroll', 'durgan.alexandro@example.com', '+48(7)3306878197', '2016-11-23 16:35:22', '2019-08-20 09:45:45');
INSERT INTO `users` (`id`, `first_name`, `last_name`, `email`, `phone`, `created_at`, `updated_at`) VALUES (75, 'Cory', 'Lemke', 'issac27@example.com', '(438)138-3663', '2012-04-11 00:13:20', '2019-05-18 03:08:12');
INSERT INTO `users` (`id`, `first_name`, `last_name`, `email`, `phone`, `created_at`, `updated_at`) VALUES (76, 'Lenora', 'Kozey', 'julien.kuhlman@example.org', '610-354-8500', '2018-12-10 16:04:02', '2020-01-08 00:47:11');
INSERT INTO `users` (`id`, `first_name`, `last_name`, `email`, `phone`, `created_at`, `updated_at`) VALUES (77, 'Wilfrid', 'Schimmel', 'crona.watson@example.org', '(587)729-8312x1230', '2019-11-01 00:20:56', '2019-03-28 14:29:09');
INSERT INTO `users` (`id`, `first_name`, `last_name`, `email`, `phone`, `created_at`, `updated_at`) VALUES (78, 'Loyal', 'Beahan', 'verdie.hane@example.org', '597-307-0227x49285', '2010-07-07 22:20:00', '2019-05-07 10:11:01');
INSERT INTO `users` (`id`, `first_name`, `last_name`, `email`, `phone`, `created_at`, `updated_at`) VALUES (79, 'Micah', 'Quigley', 'cnienow@example.com', '443-931-0720x511', '2017-09-10 13:31:54', '2019-06-29 03:06:25');
INSERT INTO `users` (`id`, `first_name`, `last_name`, `email`, `phone`, `created_at`, `updated_at`) VALUES (80, 'Ila', 'Mosciski', 'madge15@example.org', '792-559-3022', '2010-10-04 07:01:46', '2019-05-15 20:49:10');
INSERT INTO `users` (`id`, `first_name`, `last_name`, `email`, `phone`, `created_at`, `updated_at`) VALUES (81, 'Tyree', 'Morar', 'marcelle.morissette@example.org', '(494)911-3995x50508', '2013-02-27 00:20:32', '2019-12-31 16:55:37');
INSERT INTO `users` (`id`, `first_name`, `last_name`, `email`, `phone`, `created_at`, `updated_at`) VALUES (82, 'Elissa', 'Nikolaus', 'kessler.pascale@example.com', '022-413-8435x20545', '2020-01-24 03:39:22', '2019-09-03 15:35:37');
INSERT INTO `users` (`id`, `first_name`, `last_name`, `email`, `phone`, `created_at`, `updated_at`) VALUES (83, 'Bridie', 'Wyman', 'hortense62@example.org', '(681)807-3637', '2012-01-07 06:53:59', '2019-07-31 16:33:24');
INSERT INTO `users` (`id`, `first_name`, `last_name`, `email`, `phone`, `created_at`, `updated_at`) VALUES (84, 'Floyd', 'Shanahan', 'cnitzsche@example.com', '1-465-056-8072x951', '2016-09-15 13:11:38', '2019-11-08 22:20:55');
INSERT INTO `users` (`id`, `first_name`, `last_name`, `email`, `phone`, `created_at`, `updated_at`) VALUES (85, 'Jerrell', 'Crist', 'aurore.fisher@example.org', '1-030-444-5463x9229', '2019-11-15 22:50:49', '2020-01-09 13:08:35');
INSERT INTO `users` (`id`, `first_name`, `last_name`, `email`, `phone`, `created_at`, `updated_at`) VALUES (86, 'Electa', 'Runolfsson', 'kassandra05@example.com', '1-678-024-5970x598', '2012-07-22 01:23:12', '2019-07-29 04:54:22');
INSERT INTO `users` (`id`, `first_name`, `last_name`, `email`, `phone`, `created_at`, `updated_at`) VALUES (87, 'Norberto', 'Kling', 'keyon87@example.org', '1-787-855-3672x802', '2015-08-28 12:38:09', '2019-09-15 20:16:59');
INSERT INTO `users` (`id`, `first_name`, `last_name`, `email`, `phone`, `created_at`, `updated_at`) VALUES (88, 'Jamie', 'Boyle', 'pwilderman@example.org', '(546)907-6992x26476', '2016-05-31 00:13:30', '2019-09-29 21:50:09');
INSERT INTO `users` (`id`, `first_name`, `last_name`, `email`, `phone`, `created_at`, `updated_at`) VALUES (89, 'Hassan', 'Schimmel', 'eriberto65@example.com', '(352)440-2409', '2018-05-09 07:25:09', '2019-08-29 21:56:31');
INSERT INTO `users` (`id`, `first_name`, `last_name`, `email`, `phone`, `created_at`, `updated_at`) VALUES (90, 'Jany', 'Rice', 'kpadberg@example.com', '022-783-5352x647', '2014-01-20 15:56:37', '2019-04-26 20:34:55');
INSERT INTO `users` (`id`, `first_name`, `last_name`, `email`, `phone`, `created_at`, `updated_at`) VALUES (91, 'Earline', 'Stiedemann', 'catharine.rutherford@example.org', '624.312.9353x5205', '2013-03-31 19:25:34', '2019-07-31 11:32:39');
INSERT INTO `users` (`id`, `first_name`, `last_name`, `email`, `phone`, `created_at`, `updated_at`) VALUES (92, 'Breanne', 'Fay', 'rgorczany@example.org', '04442934287', '2013-07-26 03:11:02', '2019-06-10 12:37:47');
INSERT INTO `users` (`id`, `first_name`, `last_name`, `email`, `phone`, `created_at`, `updated_at`) VALUES (93, 'Hershel', 'Schulist', 'preichert@example.org', '1-316-126-1638x04655', '2019-04-24 16:00:59', '2019-10-22 15:15:49');
INSERT INTO `users` (`id`, `first_name`, `last_name`, `email`, `phone`, `created_at`, `updated_at`) VALUES (94, 'Lindsey', 'Fay', 'ykerluke@example.net', '956-946-0713x78838', '2017-01-14 18:14:36', '2019-09-02 11:48:38');
INSERT INTO `users` (`id`, `first_name`, `last_name`, `email`, `phone`, `created_at`, `updated_at`) VALUES (95, 'Jermaine', 'Green', 'lucas.russel@example.com', '(543)012-3763', '2015-02-10 23:28:31', '2020-02-18 12:59:15');
INSERT INTO `users` (`id`, `first_name`, `last_name`, `email`, `phone`, `created_at`, `updated_at`) VALUES (96, 'Consuelo', 'Deckow', 'janelle.medhurst@example.net', '(316)166-6372x6315', '2015-10-19 20:48:08', '2019-03-11 00:08:00');
INSERT INTO `users` (`id`, `first_name`, `last_name`, `email`, `phone`, `created_at`, `updated_at`) VALUES (97, 'Callie', 'Buckridge', 'devyn14@example.org', '577-852-8494x1483', '2012-01-07 19:14:05', '2019-11-03 21:54:26');
INSERT INTO `users` (`id`, `first_name`, `last_name`, `email`, `phone`, `created_at`, `updated_at`) VALUES (98, 'Otho', 'Cronin', 'ohomenick@example.org', '821-640-0486x81803', '2010-09-19 11:50:57', '2019-05-10 00:27:01');
INSERT INTO `users` (`id`, `first_name`, `last_name`, `email`, `phone`, `created_at`, `updated_at`) VALUES (99, 'Vena', 'Gerhold', 'xmoen@example.org', '475.515.1636x4739', '2015-10-26 17:23:42', '2019-11-12 06:28:54');
INSERT INTO `users` (`id`, `first_name`, `last_name`, `email`, `phone`, `created_at`, `updated_at`) VALUES (100, 'Victor', 'Corwin', 'nitzsche.vivian@example.org', '1-496-906-6460x6112', '2017-08-19 19:15:44', '2019-09-20 11:05:35');


