-- MySQL dump 10.13  Distrib 8.0.19, for Linux (x86_64)
--
-- Host: localhost    Database: vk
-- ------------------------------------------------------
-- Server version	8.0.19

/*!40101 SET @OLD_CHARACTER_SET_CLIENT=@@CHARACTER_SET_CLIENT */;
/*!40101 SET @OLD_CHARACTER_SET_RESULTS=@@CHARACTER_SET_RESULTS */;
/*!40101 SET @OLD_COLLATION_CONNECTION=@@COLLATION_CONNECTION */;
/*!50503 SET NAMES utf8mb4 */;
/*!40103 SET @OLD_TIME_ZONE=@@TIME_ZONE */;
/*!40103 SET TIME_ZONE='+00:00' */;
/*!40014 SET @OLD_UNIQUE_CHECKS=@@UNIQUE_CHECKS, UNIQUE_CHECKS=0 */;
/*!40014 SET @OLD_FOREIGN_KEY_CHECKS=@@FOREIGN_KEY_CHECKS, FOREIGN_KEY_CHECKS=0 */;
/*!40101 SET @OLD_SQL_MODE=@@SQL_MODE, SQL_MODE='NO_AUTO_VALUE_ON_ZERO' */;
/*!40111 SET @OLD_SQL_NOTES=@@SQL_NOTES, SQL_NOTES=0 */;

--
-- Table structure for table `communities`
--

DROP TABLE IF EXISTS `communities`;
/*!40101 SET @saved_cs_client     = @@character_set_client */;
/*!50503 SET character_set_client = utf8mb4 */;
CREATE TABLE `communities` (
  `id` int unsigned NOT NULL AUTO_INCREMENT,
  `name` varchar(150) CHARACTER SET utf8 COLLATE utf8_unicode_ci NOT NULL,
  `created_at` datetime DEFAULT CURRENT_TIMESTAMP,
  PRIMARY KEY (`id`),
  UNIQUE KEY `name` (`name`)
) ENGINE=InnoDB AUTO_INCREMENT=101 DEFAULT CHARSET=utf8 COLLATE=utf8_unicode_ci;
/*!40101 SET character_set_client = @saved_cs_client */;

--
-- Dumping data for table `communities`
--

LOCK TABLES `communities` WRITE;
/*!40000 ALTER TABLE `communities` DISABLE KEYS */;
INSERT INTO `communities` VALUES (1,'aut','2013-09-07 03:25:55'),(2,'consectetur','2012-09-29 20:28:59'),(3,'explicabo','2015-11-18 03:01:36'),(4,'sed','2018-04-08 18:03:03'),(5,'voluptatem','2015-01-03 10:33:03'),(6,'voluptas','2015-01-31 14:05:24'),(7,'debitis','2012-05-30 07:18:36'),(8,'quo','2011-01-02 20:58:00'),(9,'recusandae','2013-10-11 15:16:56'),(10,'id','2013-10-19 01:02:17'),(11,'adipisci','2018-12-02 05:58:22'),(12,'ab','2013-04-18 04:27:10'),(13,'necessitatibus','2016-12-23 01:40:26'),(14,'ut','2011-01-30 19:55:36'),(15,'dolores','2013-04-18 13:37:34'),(16,'et','2012-02-09 01:36:31'),(17,'animi','2014-06-27 06:42:02'),(18,'quam','2017-04-24 16:43:44'),(19,'aliquam','2019-09-05 20:31:57'),(20,'quia','2012-10-05 05:45:17');
/*!40000 ALTER TABLE `communities` ENABLE KEYS */;
UNLOCK TABLES;

--
-- Table structure for table `communities_users`
--

DROP TABLE IF EXISTS `communities_users`;
/*!40101 SET @saved_cs_client     = @@character_set_client */;
/*!50503 SET character_set_client = utf8mb4 */;
CREATE TABLE `communities_users` (
  `community_id` int unsigned NOT NULL,
  `user_id` int unsigned NOT NULL,
  PRIMARY KEY (`community_id`,`user_id`)
) ENGINE=InnoDB DEFAULT CHARSET=utf8 COLLATE=utf8_unicode_ci;
/*!40101 SET character_set_client = @saved_cs_client */;

--
-- Dumping data for table `communities_users`
--

LOCK TABLES `communities_users` WRITE;
/*!40000 ALTER TABLE `communities_users` DISABLE KEYS */;
INSERT INTO `communities_users` VALUES (1,10),(1,11),(1,56),(1,68),(1,82),(2,9),(2,35),(2,40),(2,61),(2,65),(2,82),(2,85),(2,90),(3,1),(3,12),(3,34),(3,64),(3,83),(4,19),(4,63),(4,74),(5,28),(5,54),(5,61),(5,92),(6,7),(6,25),(6,60),(6,75),(6,87),(6,94),(7,63),(7,70),(7,82),(8,10),(8,15),(8,35),(8,63),(8,73),(9,15),(9,40),(9,58),(9,66),(9,96),(10,23),(10,30),(10,50),(10,54),(10,58),(10,59),(10,74),(10,82),(10,98),(11,15),(11,28),(11,60),(11,68),(11,70),(12,12),(12,23),(12,47),(12,58),(12,66),(12,98),(13,62),(13,72),(13,78),(14,19),(14,24),(14,61),(15,2),(15,20),(15,25),(15,69),(15,90),(16,11),(16,24),(16,44),(16,55),(16,60),(16,83),(16,93),(17,5),(17,11),(17,21),(17,31),(17,79),(17,82),(17,84),(18,7),(18,56),(18,63),(18,74),(19,8),(19,82),(20,2),(20,10),(20,14),(20,20),(20,69);
/*!40000 ALTER TABLE `communities_users` ENABLE KEYS */;
UNLOCK TABLES;

--
-- Table structure for table `friendship`
--

DROP TABLE IF EXISTS `friendship`;
/*!40101 SET @saved_cs_client     = @@character_set_client */;
/*!50503 SET character_set_client = utf8mb4 */;
CREATE TABLE `friendship` (
  `user_id` int unsigned NOT NULL,
  `friend_id` int unsigned NOT NULL,
  `status_id` int unsigned NOT NULL,
  `requested_at` datetime DEFAULT CURRENT_TIMESTAMP,
  `confirmed_at` datetime DEFAULT NULL,
  PRIMARY KEY (`user_id`,`friend_id`)
) ENGINE=InnoDB DEFAULT CHARSET=utf8 COLLATE=utf8_unicode_ci;
/*!40101 SET character_set_client = @saved_cs_client */;

--
-- Dumping data for table `friendship`
--

LOCK TABLES `friendship` WRITE;
/*!40000 ALTER TABLE `friendship` DISABLE KEYS */;
INSERT INTO `friendship` VALUES (2,14,2,'2014-10-28 18:50:01','2012-07-20 15:18:04'),(3,82,2,'2014-03-22 19:39:18','2014-12-20 00:50:53'),(8,18,3,'2018-06-21 22:19:46','2018-12-24 06:39:47'),(8,57,1,'2018-08-19 03:10:16','2013-05-08 09:43:07'),(10,60,3,'2019-02-21 19:37:11','2016-03-15 13:04:17'),(12,18,3,'2011-09-24 17:22:16','2010-10-13 14:09:09'),(12,38,2,'2011-10-15 07:14:38','2018-09-14 13:28:06'),(14,22,2,'2011-07-14 08:41:00','2016-03-24 15:44:06'),(17,1,1,'2014-06-24 21:22:33','2013-07-24 11:17:48'),(17,36,1,'2019-08-08 05:46:19','2012-08-28 22:46:04'),(17,43,2,'2017-03-03 10:18:08','2018-07-12 19:41:44'),(19,10,1,'2017-04-01 12:55:52','2016-07-29 16:16:17'),(19,84,2,'2013-06-29 18:12:13','2017-08-02 03:25:21'),(20,31,2,'2019-06-29 20:17:43','2017-10-13 04:33:55'),(21,87,2,'2019-10-29 07:22:04','2017-03-09 20:45:57'),(22,16,1,'2019-03-11 02:07:32','2016-10-07 16:06:03'),(26,65,3,'2019-03-07 10:06:13','2012-08-06 10:04:06'),(27,2,2,'2016-02-21 02:57:27','2013-07-16 05:05:20'),(28,31,2,'2018-02-07 04:02:07','2017-12-14 07:36:27'),(28,92,1,'2017-11-18 10:51:24','2010-03-10 09:03:30'),(29,98,3,'2010-03-06 13:47:50','2011-02-27 06:28:37'),(30,40,3,'2017-01-15 07:01:06','2011-11-29 11:30:50'),(34,58,3,'2014-01-28 12:42:04','2015-07-16 13:55:50'),(34,89,1,'2010-10-14 15:58:46','2017-04-06 03:52:55'),(39,47,1,'2015-09-13 13:00:40','2019-06-23 00:32:06'),(39,60,3,'2016-05-22 10:55:46','2013-09-18 12:01:19'),(40,12,1,'2014-01-17 22:01:40','2011-09-10 03:39:38'),(40,28,3,'2018-07-22 19:24:19','2013-11-18 09:34:05'),(41,38,2,'2012-10-18 02:08:06','2018-06-02 21:53:39'),(41,44,1,'2017-02-17 08:45:56','2014-01-15 09:56:55'),(43,11,3,'2015-09-12 12:51:30','2011-07-22 07:46:32'),(43,39,2,'2015-12-19 04:58:30','2010-07-29 11:43:24'),(46,80,2,'2019-11-03 19:16:31','2020-01-26 03:42:52'),(47,30,2,'2011-11-13 06:25:39','2016-09-04 05:22:09'),(47,41,1,'2015-08-19 15:50:01','2014-12-21 13:47:52'),(48,83,2,'2018-09-15 21:02:39','2017-02-18 07:45:31'),(50,88,3,'2019-09-19 13:43:10','2016-05-12 21:27:43'),(52,5,1,'2017-04-29 18:08:39','2010-11-11 22:31:22'),(53,1,1,'2013-07-15 03:22:43','2018-07-30 21:03:33'),(53,14,3,'2019-03-29 21:27:09','2010-08-27 17:47:42'),(53,72,3,'2018-03-09 00:37:09','2011-02-12 13:46:59'),(54,57,3,'2017-04-27 04:41:59','2018-09-12 06:51:15'),(55,60,3,'2010-04-19 10:20:17','2016-10-02 10:57:10'),(55,70,2,'2013-08-07 03:36:56','2016-07-11 14:06:06'),(56,5,1,'2019-11-21 19:54:14','2014-06-09 20:16:01'),(57,9,3,'2011-09-16 03:37:07','2015-12-03 17:05:51'),(58,83,2,'2015-04-29 15:22:19','2014-09-15 16:53:13'),(60,24,1,'2010-03-11 05:21:08','2016-05-08 00:56:04'),(61,33,2,'2018-06-01 23:24:53','2018-10-06 09:14:14'),(62,70,2,'2019-09-12 10:49:33','2017-01-17 23:41:28'),(62,88,3,'2013-07-03 12:58:46','2019-10-03 19:28:23'),(63,62,2,'2011-06-25 23:02:19','2010-12-17 13:22:49'),(63,70,1,'2011-07-10 08:28:29','2012-11-28 04:51:11'),(63,86,2,'2010-04-04 00:49:25','2012-12-26 22:23:37'),(64,15,1,'2011-04-04 14:15:48','2019-01-10 18:28:38'),(64,32,1,'2016-04-18 03:50:13','2014-10-30 14:56:57'),(64,67,1,'2016-06-30 20:26:27','2014-07-31 08:37:00'),(65,12,1,'2018-06-14 20:58:00','2013-11-20 13:54:39'),(65,61,1,'2018-01-05 14:55:25','2011-05-02 03:28:36'),(65,87,1,'2014-12-16 08:40:23','2019-12-10 17:21:37'),(66,34,3,'2014-11-01 09:53:16','2018-03-26 17:44:06'),(66,74,1,'2010-03-11 01:36:35','2018-07-08 00:10:29'),(67,16,1,'2015-12-29 22:07:21','2018-10-13 21:36:50'),(67,54,3,'2013-09-10 16:16:30','2014-07-27 02:38:52'),(67,92,1,'2011-01-27 07:22:40','2019-01-12 10:47:15'),(68,92,1,'2016-02-23 11:59:39','2011-06-08 00:48:22'),(69,30,3,'2016-10-16 17:02:59','2013-01-01 09:35:53'),(70,35,2,'2014-04-20 18:22:20','2018-04-28 18:28:38'),(71,52,2,'2012-06-08 01:53:06','2019-05-14 16:23:28'),(71,91,1,'2016-07-25 05:51:39','2010-04-03 10:34:10'),(72,100,1,'2017-04-15 07:50:17','2019-06-30 13:47:28'),(73,44,2,'2019-03-18 03:08:29','2011-02-10 23:34:48'),(73,63,3,'2016-11-03 21:55:17','2010-06-23 23:59:27'),(73,71,2,'2017-03-04 06:25:32','2015-03-25 01:44:29'),(74,41,3,'2010-10-23 06:02:17','2018-05-18 00:05:55'),(77,8,1,'2016-01-09 10:07:24','2013-04-04 13:00:22'),(78,98,1,'2017-09-09 21:49:05','2010-07-25 17:36:41'),(79,46,2,'2019-05-02 03:09:23','2012-01-10 18:32:55'),(81,7,3,'2016-03-17 23:10:40','2019-08-21 00:51:34'),(82,28,3,'2012-02-25 00:14:30','2015-01-28 07:09:23'),(82,55,3,'2012-03-30 21:24:25','2011-04-09 13:03:40'),(82,82,3,'2014-05-29 14:12:21','2017-03-30 11:43:51'),(82,85,1,'2013-07-27 21:10:23','2019-03-23 02:58:01'),(83,16,2,'2019-08-19 10:20:22','2016-04-04 15:40:59'),(83,67,3,'2019-12-08 08:26:22','2016-03-07 11:02:05'),(84,11,1,'2015-10-04 05:06:54','2015-11-21 14:55:21'),(87,16,3,'2017-03-16 04:02:13','2015-10-18 18:11:08'),(88,37,3,'2011-04-23 20:16:01','2017-06-22 21:26:39'),(89,26,3,'2010-09-28 18:17:46','2011-08-24 23:20:36'),(89,67,2,'2016-11-24 04:16:44','2019-02-05 19:19:20'),(90,83,3,'2017-04-01 03:33:07','2011-08-11 05:03:23'),(92,31,3,'2018-02-16 04:26:48','2010-07-03 03:02:05'),(93,74,1,'2014-04-16 22:16:59','2014-06-10 21:14:02'),(93,82,1,'2019-08-08 03:29:54','2012-09-15 17:37:52'),(94,29,3,'2015-08-24 01:52:56','2013-03-29 13:05:00'),(96,87,2,'2017-09-15 21:56:15','2010-03-14 20:42:57'),(97,51,2,'2013-06-26 06:16:15','2019-05-12 02:05:28'),(98,75,3,'2014-06-08 09:19:17','2019-08-26 15:53:24'),(99,50,2,'2018-07-11 19:32:19','2014-02-23 15:40:46'),(99,64,2,'2016-02-13 01:37:46','2018-03-02 14:20:47');
/*!40000 ALTER TABLE `friendship` ENABLE KEYS */;
UNLOCK TABLES;

--
-- Table structure for table `friendship_statuses`
--

DROP TABLE IF EXISTS `friendship_statuses`;
/*!40101 SET @saved_cs_client     = @@character_set_client */;
/*!50503 SET character_set_client = utf8mb4 */;
CREATE TABLE `friendship_statuses` (
  `id` int unsigned NOT NULL AUTO_INCREMENT,
  `name` varchar(150) CHARACTER SET utf8 COLLATE utf8_unicode_ci NOT NULL,
  `created_at` datetime DEFAULT CURRENT_TIMESTAMP,
  PRIMARY KEY (`id`),
  UNIQUE KEY `name` (`name`)
) ENGINE=InnoDB AUTO_INCREMENT=4 DEFAULT CHARSET=utf8 COLLATE=utf8_unicode_ci;
/*!40101 SET character_set_client = @saved_cs_client */;

--
-- Dumping data for table `friendship_statuses`
--

LOCK TABLES `friendship_statuses` WRITE;
/*!40000 ALTER TABLE `friendship_statuses` DISABLE KEYS */;
INSERT INTO `friendship_statuses` VALUES (1,'Requested','2020-03-01 22:58:54'),(2,'Confirmed','2020-03-01 22:58:54'),(3,'Rejected','2020-03-01 22:58:54');
/*!40000 ALTER TABLE `friendship_statuses` ENABLE KEYS */;
UNLOCK TABLES;

--
-- Table structure for table `like_types`
--

DROP TABLE IF EXISTS `like_types`;
/*!40101 SET @saved_cs_client     = @@character_set_client */;
/*!50503 SET character_set_client = utf8mb4 */;
CREATE TABLE `like_types` (
  `id` int unsigned NOT NULL AUTO_INCREMENT,
  `type` varchar(150) CHARACTER SET utf8 COLLATE utf8_unicode_ci NOT NULL,
  PRIMARY KEY (`id`),
  UNIQUE KEY `type` (`type`)
) ENGINE=InnoDB AUTO_INCREMENT=3 DEFAULT CHARSET=utf8 COLLATE=utf8_unicode_ci;
/*!40101 SET character_set_client = @saved_cs_client */;

--
-- Dumping data for table `like_types`
--

LOCK TABLES `like_types` WRITE;
/*!40000 ALTER TABLE `like_types` DISABLE KEYS */;
INSERT INTO `like_types` VALUES (1,'media'),(2,'messages');
/*!40000 ALTER TABLE `like_types` ENABLE KEYS */;
UNLOCK TABLES;

--
-- Table structure for table `likes`
--

DROP TABLE IF EXISTS `likes`;
/*!40101 SET @saved_cs_client     = @@character_set_client */;
/*!50503 SET character_set_client = utf8mb4 */;
CREATE TABLE `likes` (
  `id` int unsigned NOT NULL AUTO_INCREMENT,
  `user_id` int unsigned NOT NULL,
  `like_type` int unsigned NOT NULL,
  `entity_id` int unsigned NOT NULL,
  PRIMARY KEY (`id`)
) ENGINE=InnoDB AUTO_INCREMENT=13 DEFAULT CHARSET=utf8 COLLATE=utf8_unicode_ci;
/*!40101 SET character_set_client = @saved_cs_client */;

--
-- Dumping data for table `likes`
--

LOCK TABLES `likes` WRITE;
/*!40000 ALTER TABLE `likes` DISABLE KEYS */;
INSERT INTO `likes` VALUES (1,1,2,55),(2,66,1,66),(3,5,1,73),(4,51,1,1),(5,41,1,22),(6,11,2,53),(7,61,2,77),(8,71,1,77),(9,21,2,92),(10,11,1,66),(11,81,1,5),(12,81,2,5);
/*!40000 ALTER TABLE `likes` ENABLE KEYS */;
UNLOCK TABLES;

--
-- Table structure for table `media`
--

DROP TABLE IF EXISTS `media`;
/*!40101 SET @saved_cs_client     = @@character_set_client */;
/*!50503 SET character_set_client = utf8mb4 */;
CREATE TABLE `media` (
  `id` int unsigned NOT NULL AUTO_INCREMENT,
  `media_type_id` int unsigned NOT NULL,
  `user_id` int unsigned NOT NULL,
  `filename` varchar(255) CHARACTER SET utf8 COLLATE utf8_unicode_ci NOT NULL,
  `size` int NOT NULL,
  `metadata` json DEFAULT NULL,
  `created_at` datetime DEFAULT CURRENT_TIMESTAMP,
  `updated_at` datetime DEFAULT CURRENT_TIMESTAMP ON UPDATE CURRENT_TIMESTAMP,
  PRIMARY KEY (`id`)
) ENGINE=InnoDB AUTO_INCREMENT=101 DEFAULT CHARSET=utf8 COLLATE=utf8_unicode_ci;
/*!40101 SET character_set_client = @saved_cs_client */;

--
-- Dumping data for table `media`
--

LOCK TABLES `media` WRITE;
/*!40000 ALTER TABLE `media` DISABLE KEYS */;
INSERT INTO `media` VALUES (1,3,72,'https://dropbox/vk/file_mollitia',65,'{\"owner\": \"Lea Quigley\"}','2005-07-18 15:43:30','2020-03-01 22:43:14'),(2,3,56,'https://dropbox/vk/file_qui',705,'{\"owner\": \"Ottis Bernier\"}','1953-04-09 07:15:01','2020-03-01 22:43:14'),(3,2,64,'https://dropbox/vk/file_quos',4,'{\"owner\": \"Addie Jacobs\"}','1980-06-06 01:25:18','2020-03-01 22:43:14'),(4,1,51,'https://dropbox/vk/file_eius',2797,'{\"owner\": \"Frida Kulas\"}','1985-12-19 23:52:26','2020-03-01 22:43:14'),(5,2,63,'https://dropbox/vk/file_sequi',699,'{\"owner\": \"Asia Feeney\"}','1926-08-01 23:53:17','2020-03-01 22:43:14'),(6,3,63,'https://dropbox/vk/file_nihil',312531,'{\"owner\": \"Asia Feeney\"}','1991-04-16 02:27:32','2020-03-01 22:43:14'),(7,2,23,'https://dropbox/vk/file_est',388187,'{\"owner\": \"Arnoldo Okuneva\"}','1957-05-04 19:45:58','2020-03-01 22:43:14'),(8,2,27,'https://dropbox/vk/file_dolorem',94,'{\"owner\": \"Verner McDermott\"}','1971-09-24 23:57:35','2020-03-01 22:43:14'),(9,3,66,'https://dropbox/vk/file_velit',7,'{\"owner\": \"Joana McLaughlin\"}','2004-05-25 18:54:56','2020-03-01 22:43:14'),(10,2,47,'https://dropbox/vk/file_asperiores',2,'{\"owner\": \"Halie Johnston\"}','1998-08-25 07:26:00','2020-03-01 22:43:14'),(11,1,37,'https://dropbox/vk/file_ullam',6,'{\"owner\": \"Addie Yundt\"}','1995-10-30 11:02:21','2020-03-01 22:43:14'),(12,1,42,'https://dropbox/vk/file_accusantium',47271817,'{\"owner\": \"Audreanne Conn\"}','1957-03-06 23:51:47','2020-03-01 22:43:14'),(13,3,99,'https://dropbox/vk/file_hic',83067011,'{\"owner\": \"Vena Gerhold\"}','1996-09-22 01:34:22','2020-03-01 22:43:14'),(14,3,70,'https://dropbox/vk/file_odio',4,'{\"owner\": \"Gwen Auer\"}','1993-08-05 10:32:47','2020-03-01 22:43:14'),(15,1,50,'https://dropbox/vk/file_perferendis',250516,'{\"owner\": \"Katelin Mann\"}','1995-07-10 08:05:15','2020-03-01 22:43:14'),(16,1,42,'https://dropbox/vk/file_tempora',36,'{\"owner\": \"Audreanne Conn\"}','1946-05-23 19:59:49','2020-03-01 22:43:14'),(17,1,60,'https://dropbox/vk/file_mollitia',0,'{\"owner\": \"Laverne Graham\"}','1971-11-09 05:48:56','2020-03-01 22:43:14'),(18,1,74,'https://dropbox/vk/file_deleniti',404542179,'{\"owner\": \"Adelbert Carroll\"}','1978-01-26 20:01:06','2020-03-01 22:43:14'),(19,3,87,'https://dropbox/vk/file_molestias',9813154,'{\"owner\": \"Norberto Kling\"}','1997-02-15 22:26:44','2020-03-01 22:43:14'),(20,1,14,'https://dropbox/vk/file_illum',922504288,'{\"owner\": \"Brando Gutkowski\"}','2017-08-04 13:54:20','2020-03-01 22:43:14'),(21,3,10,'https://dropbox/vk/file_quia',5984,'{\"owner\": \"Jabari Bartoletti\"}','1958-11-05 23:56:49','2020-03-01 22:43:14'),(22,3,5,'https://dropbox/vk/file_assumenda',36405751,'{\"owner\": \"Guy Koss\"}','1973-10-21 20:23:00','2020-03-01 22:43:14'),(23,3,95,'https://dropbox/vk/file_qui',6371,'{\"owner\": \"Jermaine Green\"}','1978-03-10 18:31:09','2020-03-01 22:43:14'),(24,2,58,'https://dropbox/vk/file_omnis',5238671,'{\"owner\": \"Addie Becker\"}','1996-02-13 08:52:03','2020-03-01 22:43:14'),(25,3,5,'https://dropbox/vk/file_natus',1381,'{\"owner\": \"Guy Koss\"}','1926-06-06 15:46:30','2020-03-01 22:43:14'),(26,2,53,'https://dropbox/vk/file_odit',343,'{\"owner\": \"Marion Turcotte\"}','1958-03-29 09:46:15','2020-03-01 22:43:14'),(27,3,47,'https://dropbox/vk/file_eum',2228,'{\"owner\": \"Halie Johnston\"}','1975-04-11 03:43:30','2020-03-01 22:43:14'),(28,2,77,'https://dropbox/vk/file_officiis',39056,'{\"owner\": \"Wilfrid Schimmel\"}','2005-03-22 03:58:44','2020-03-01 22:43:14'),(29,3,43,'https://dropbox/vk/file_quod',7546489,'{\"owner\": \"Rosemary Raynor\"}','1926-09-25 03:30:49','2020-03-01 22:43:14'),(30,2,84,'https://dropbox/vk/file_architecto',930819,'{\"owner\": \"Floyd Shanahan\"}','2004-08-15 06:04:34','2020-03-01 22:43:14'),(31,2,92,'https://dropbox/vk/file_qui',940,'{\"owner\": \"Breanne Fay\"}','1936-02-28 04:17:15','2020-03-01 22:43:14'),(32,3,6,'https://dropbox/vk/file_quis',5768,'{\"owner\": \"Roman Kihn\"}','1940-07-22 00:34:00','2020-03-01 22:43:14'),(33,3,54,'https://dropbox/vk/file_et',723,'{\"owner\": \"Mertie Ankunding\"}','1921-09-11 20:51:22','2020-03-01 22:43:14'),(34,3,51,'https://dropbox/vk/file_cupiditate',74473,'{\"owner\": \"Frida Kulas\"}','1996-10-28 22:57:18','2020-03-01 22:43:14'),(35,1,92,'https://dropbox/vk/file_facilis',8280542,'{\"owner\": \"Breanne Fay\"}','1941-10-24 10:54:28','2020-03-01 22:43:14'),(36,3,8,'https://dropbox/vk/file_pariatur',5206997,'{\"owner\": \"Casimer Swaniawski\"}','1953-11-25 15:32:28','2020-03-01 22:43:14'),(37,1,63,'https://dropbox/vk/file_aut',662592717,'{\"owner\": \"Asia Feeney\"}','1947-10-08 15:35:59','2020-03-01 22:43:14'),(38,2,91,'https://dropbox/vk/file_et',0,'{\"owner\": \"Earline Stiedemann\"}','1930-12-10 02:06:12','2020-03-01 22:43:14'),(39,1,67,'https://dropbox/vk/file_labore',4976220,'{\"owner\": \"Helene Schultz\"}','1923-07-22 00:33:31','2020-03-01 22:43:14'),(40,2,59,'https://dropbox/vk/file_ratione',272167,'{\"owner\": \"Sherwood Pollich\"}','2013-02-09 03:23:06','2020-03-01 22:43:14'),(41,1,96,'https://dropbox/vk/file_ipsa',0,'{\"owner\": \"Consuelo Deckow\"}','1940-09-17 22:42:56','2020-03-01 22:43:14'),(42,3,1,'https://dropbox/vk/file_quod',757022,'{\"owner\": \"Mya Haley\"}','1999-08-18 05:05:52','2020-03-01 22:43:14'),(43,1,15,'https://dropbox/vk/file_illo',6199,'{\"owner\": \"Alda Wilkinson\"}','1925-11-17 01:25:55','2020-03-01 22:43:14'),(44,3,74,'https://dropbox/vk/file_eligendi',1,'{\"owner\": \"Adelbert Carroll\"}','1957-10-25 02:35:51','2020-03-01 22:43:14'),(45,1,26,'https://dropbox/vk/file_nulla',6412999,'{\"owner\": \"Christina Bartoletti\"}','1987-02-05 06:29:50','2020-03-01 22:43:14'),(46,1,4,'https://dropbox/vk/file_consequatur',329,'{\"owner\": \"Loraine Grant\"}','1941-01-10 10:58:30','2020-03-01 22:43:14'),(47,3,44,'https://dropbox/vk/file_porro',9633,'{\"owner\": \"Selina Tromp\"}','1958-06-28 15:46:44','2020-03-01 22:43:14'),(48,3,8,'https://dropbox/vk/file_omnis',798,'{\"owner\": \"Casimer Swaniawski\"}','1967-07-22 08:00:12','2020-03-01 22:43:14'),(49,2,7,'https://dropbox/vk/file_quo',577144,'{\"owner\": \"Eleanora Schoen\"}','1998-06-15 15:31:59','2020-03-01 22:43:14'),(50,1,10,'https://dropbox/vk/file_quod',0,'{\"owner\": \"Jabari Bartoletti\"}','1972-05-29 21:50:23','2020-03-01 22:43:14'),(51,1,28,'https://dropbox/vk/file_assumenda',0,'{\"owner\": \"Robyn Moen\"}','1991-09-23 21:04:42','2020-03-01 22:43:14'),(52,1,10,'https://dropbox/vk/file_consequatur',7064846,'{\"owner\": \"Jabari Bartoletti\"}','1951-07-20 13:30:35','2020-03-01 22:43:14'),(53,3,64,'https://dropbox/vk/file_doloremque',9,'{\"owner\": \"Addie Jacobs\"}','1943-09-21 06:23:58','2020-03-01 22:43:14'),(54,2,91,'https://dropbox/vk/file_ratione',4016,'{\"owner\": \"Earline Stiedemann\"}','1945-10-30 09:05:42','2020-03-01 22:43:14'),(55,1,61,'https://dropbox/vk/file_et',6369,'{\"owner\": \"Armando McKenzie\"}','1931-11-08 00:36:44','2020-03-01 22:43:14'),(56,2,31,'https://dropbox/vk/file_eius',52314,'{\"owner\": \"Thaddeus Grimes\"}','1971-08-15 04:10:35','2020-03-01 22:43:14'),(57,3,71,'https://dropbox/vk/file_et',8839726,'{\"owner\": \"Hermina Lemke\"}','1992-09-01 05:37:22','2020-03-01 22:43:14'),(58,3,61,'https://dropbox/vk/file_molestiae',3,'{\"owner\": \"Armando McKenzie\"}','2005-01-17 04:31:36','2020-03-01 22:43:14'),(59,2,92,'https://dropbox/vk/file_natus',3155,'{\"owner\": \"Breanne Fay\"}','1941-09-03 21:53:59','2020-03-01 22:43:14'),(60,3,75,'https://dropbox/vk/file_dolores',8818437,'{\"owner\": \"Cory Lemke\"}','2007-09-17 12:58:29','2020-03-01 22:43:14'),(61,1,2,'https://dropbox/vk/file_rerum',85543,'{\"owner\": \"Tyrique Lakin\"}','1931-07-15 15:01:41','2020-03-01 22:43:14'),(62,1,82,'https://dropbox/vk/file_sint',68830409,'{\"owner\": \"Elissa Nikolaus\"}','2002-11-15 21:28:59','2020-03-01 22:43:14'),(63,2,5,'https://dropbox/vk/file_nesciunt',97298055,'{\"owner\": \"Guy Koss\"}','2001-03-01 08:45:32','2020-03-01 22:43:14'),(64,3,78,'https://dropbox/vk/file_eaque',31876,'{\"owner\": \"Loyal Beahan\"}','1973-12-16 08:08:08','2020-03-01 22:43:14'),(65,3,73,'https://dropbox/vk/file_aut',43766,'{\"owner\": \"Cali Shanahan\"}','2009-12-21 15:56:21','2020-03-01 22:43:14'),(66,1,33,'https://dropbox/vk/file_nisi',711,'{\"owner\": \"Gay Hagenes\"}','1977-04-17 15:59:54','2020-03-01 22:43:14'),(67,2,44,'https://dropbox/vk/file_et',22031152,'{\"owner\": \"Selina Tromp\"}','1930-08-17 11:41:36','2020-03-01 22:43:14'),(68,2,20,'https://dropbox/vk/file_eos',0,'{\"owner\": \"Efren Botsford\"}','1936-02-16 19:12:06','2020-03-01 22:43:14'),(69,1,67,'https://dropbox/vk/file_repellendus',20675068,'{\"owner\": \"Helene Schultz\"}','1975-10-12 16:35:51','2020-03-01 22:43:14'),(70,3,76,'https://dropbox/vk/file_laudantium',927600495,'{\"owner\": \"Lenora Kozey\"}','1921-11-24 03:40:31','2020-03-01 22:43:14'),(71,3,79,'https://dropbox/vk/file_et',0,'{\"owner\": \"Micah Quigley\"}','2008-12-26 06:01:27','2020-03-01 22:43:14'),(72,3,66,'https://dropbox/vk/file_eius',279,'{\"owner\": \"Joana McLaughlin\"}','1930-06-29 02:35:14','2020-03-01 22:43:14'),(73,1,91,'https://dropbox/vk/file_aliquid',278106281,'{\"owner\": \"Earline Stiedemann\"}','2002-08-16 05:00:38','2020-03-01 22:43:14'),(74,1,56,'https://dropbox/vk/file_libero',1824,'{\"owner\": \"Ottis Bernier\"}','1964-05-12 05:01:16','2020-03-01 22:43:14'),(75,2,6,'https://dropbox/vk/file_consequatur',21,'{\"owner\": \"Roman Kihn\"}','1935-06-07 05:59:21','2020-03-01 22:43:14'),(76,2,64,'https://dropbox/vk/file_optio',832,'{\"owner\": \"Addie Jacobs\"}','1999-04-26 19:54:23','2020-03-01 22:43:14'),(77,3,99,'https://dropbox/vk/file_velit',805,'{\"owner\": \"Vena Gerhold\"}','1927-03-22 14:07:05','2020-03-01 22:43:14'),(78,1,4,'https://dropbox/vk/file_itaque',0,'{\"owner\": \"Loraine Grant\"}','1957-08-07 11:28:18','2020-03-01 22:43:14'),(79,1,22,'https://dropbox/vk/file_itaque',5618139,'{\"owner\": \"Ryley Kautzer\"}','2013-04-13 02:14:19','2020-03-01 22:43:14'),(80,3,99,'https://dropbox/vk/file_aut',660,'{\"owner\": \"Vena Gerhold\"}','1980-04-09 11:31:52','2020-03-01 22:43:14'),(81,1,28,'https://dropbox/vk/file_ut',621081,'{\"owner\": \"Robyn Moen\"}','1920-11-08 10:48:51','2020-03-01 22:43:14'),(82,1,42,'https://dropbox/vk/file_voluptatem',47939494,'{\"owner\": \"Audreanne Conn\"}','2002-08-03 12:15:35','2020-03-01 22:43:14'),(83,3,25,'https://dropbox/vk/file_eligendi',70297399,'{\"owner\": \"Manuela Heaney\"}','1920-09-10 16:17:44','2020-03-01 22:43:14'),(84,2,99,'https://dropbox/vk/file_facilis',60538939,'{\"owner\": \"Vena Gerhold\"}','1977-07-21 17:22:29','2020-03-01 22:43:14'),(85,1,18,'https://dropbox/vk/file_ipsam',22520,'{\"owner\": \"Eugenia Wiza\"}','1963-02-11 06:00:45','2020-03-01 22:43:14'),(86,3,95,'https://dropbox/vk/file_error',5882137,'{\"owner\": \"Jermaine Green\"}','1965-05-25 06:50:09','2020-03-01 22:43:14'),(87,1,19,'https://dropbox/vk/file_repudiandae',4590,'{\"owner\": \"Rafael Kutch\"}','1935-09-13 16:52:37','2020-03-01 22:43:14'),(88,2,11,'https://dropbox/vk/file_odit',233458,'{\"owner\": \"Jesse Kuhic\"}','1943-07-02 16:02:11','2020-03-01 22:43:14'),(89,1,95,'https://dropbox/vk/file_ut',474,'{\"owner\": \"Jermaine Green\"}','1978-07-25 01:44:46','2020-03-01 22:43:14'),(90,2,44,'https://dropbox/vk/file_voluptate',8093,'{\"owner\": \"Selina Tromp\"}','2011-03-29 04:24:12','2020-03-01 22:43:14'),(91,1,35,'https://dropbox/vk/file_illo',318525317,'{\"owner\": \"Domenica Carter\"}','1956-08-25 18:58:25','2020-03-01 22:43:14'),(92,3,41,'https://dropbox/vk/file_alias',93645341,'{\"owner\": \"Charley Glover\"}','1962-10-20 08:53:43','2020-03-01 22:43:14'),(93,3,1,'https://dropbox/vk/file_eaque',13509,'{\"owner\": \"Mya Haley\"}','2000-01-11 05:57:44','2020-03-01 22:43:14'),(94,3,79,'https://dropbox/vk/file_maxime',2724688,'{\"owner\": \"Micah Quigley\"}','1954-06-25 18:12:38','2020-03-01 22:43:14'),(95,1,94,'https://dropbox/vk/file_et',452035,'{\"owner\": \"Lindsey Fay\"}','1930-07-14 11:00:01','2020-03-01 22:43:14'),(96,3,31,'https://dropbox/vk/file_cum',380155,'{\"owner\": \"Thaddeus Grimes\"}','1932-10-11 15:53:29','2020-03-01 22:43:14'),(97,2,75,'https://dropbox/vk/file_blanditiis',38984,'{\"owner\": \"Cory Lemke\"}','1938-12-18 10:27:45','2020-03-01 22:43:14'),(98,3,79,'https://dropbox/vk/file_modi',9,'{\"owner\": \"Micah Quigley\"}','1977-05-25 14:30:26','2020-03-01 22:43:14'),(99,1,68,'https://dropbox/vk/file_quasi',37,'{\"owner\": \"Elisabeth Tromp\"}','1922-11-17 00:18:17','2020-03-01 22:43:14'),(100,3,5,'https://dropbox/vk/file_tempore',0,'{\"owner\": \"Guy Koss\"}','1971-06-21 00:47:36','2020-03-01 22:43:14');
/*!40000 ALTER TABLE `media` ENABLE KEYS */;
UNLOCK TABLES;

--
-- Table structure for table `media_types`
--

DROP TABLE IF EXISTS `media_types`;
/*!40101 SET @saved_cs_client     = @@character_set_client */;
/*!50503 SET character_set_client = utf8mb4 */;
CREATE TABLE `media_types` (
  `id` int unsigned NOT NULL AUTO_INCREMENT,
  `name` varchar(255) CHARACTER SET utf8 COLLATE utf8_unicode_ci NOT NULL,
  `created_at` datetime DEFAULT CURRENT_TIMESTAMP,
  PRIMARY KEY (`id`),
  UNIQUE KEY `name` (`name`)
) ENGINE=InnoDB AUTO_INCREMENT=4 DEFAULT CHARSET=utf8 COLLATE=utf8_unicode_ci;
/*!40101 SET character_set_client = @saved_cs_client */;

--
-- Dumping data for table `media_types`
--

LOCK TABLES `media_types` WRITE;
/*!40000 ALTER TABLE `media_types` DISABLE KEYS */;
INSERT INTO `media_types` VALUES (1,'photo','2020-03-01 22:41:31'),(2,'video','2020-03-01 22:41:31'),(3,'audio','2020-03-01 22:41:31');
/*!40000 ALTER TABLE `media_types` ENABLE KEYS */;
UNLOCK TABLES;

--
-- Table structure for table `messages`
--

DROP TABLE IF EXISTS `messages`;
/*!40101 SET @saved_cs_client     = @@character_set_client */;
/*!50503 SET character_set_client = utf8mb4 */;
CREATE TABLE `messages` (
  `id` int unsigned NOT NULL AUTO_INCREMENT,
  `from_user_id` int unsigned NOT NULL,
  `to_user_id` int unsigned NOT NULL,
  `body` text CHARACTER SET utf8 COLLATE utf8_unicode_ci NOT NULL,
  `is_important` tinyint(1) DEFAULT NULL,
  `is_delivered` tinyint(1) DEFAULT NULL,
  `created_at` datetime DEFAULT CURRENT_TIMESTAMP,
  PRIMARY KEY (`id`)
) ENGINE=InnoDB AUTO_INCREMENT=101 DEFAULT CHARSET=utf8 COLLATE=utf8_unicode_ci;
/*!40101 SET character_set_client = @saved_cs_client */;

--
-- Dumping data for table `messages`
--

LOCK TABLES `messages` WRITE;
/*!40000 ALTER TABLE `messages` DISABLE KEYS */;
INSERT INTO `messages` VALUES (1,32,87,'Latitude was, or Longitude either, but thought they were gardeners, or soldiers, or courtiers, or three times over to the King, looking round the thistle again; then the other, and making faces at.',1,1,'2014-01-17 19:04:28'),(2,39,31,'And the moral of that is--\"The more there is of mine, the less there is of finding morals in things!\' Alice thought the whole place around her became alive with the next verse,\' the Gryphon repeated.',1,1,'2014-08-12 03:43:21'),(3,39,99,'Alice, who had meanwhile been examining the roses. \'Off with her arms round it as you say \"What a pity!\"?\' the Rabbit was no time to be a very little use, as it lasted.) \'Then the eleventh day must.',1,1,'2011-11-18 14:38:57'),(4,81,7,'SHE, of course,\' said the King, \'unless it was the BEST butter, you know.\' Alice had learnt several things of this ointment--one shilling the box-- Allow me to him: She gave me a pair of white kid.',0,0,'2010-08-14 20:24:22'),(5,90,31,'Dormouse, who was trembling down to nine inches high. CHAPTER VI. Pig and Pepper For a minute or two the Caterpillar decidedly, and the shrill voice of the miserable Mock Turtle. \'Hold your tongue!\'.',1,0,'2013-11-22 09:33:18'),(6,84,28,'Alice. It looked good-natured, she thought: still it was over at last: \'and I wish I hadn\'t mentioned Dinah!\' she said to the Knave. The Knave of Hearts, she made out that one of them hit her in.',0,0,'2015-01-15 15:40:59'),(7,84,37,'Alice, she went on \'And how did you call him Tortoise, if he were trying which word sounded best. Some of the game, feeling very glad to get an opportunity of adding, \'You\'re looking for it, she.',0,0,'2014-04-05 22:12:30'),(8,34,55,'Duchess said to herself; \'the March Hare will be the right way to fly up into the air, I\'m afraid, but you might like to hear it say, as it lasted.) \'Then the Dormouse began in a twinkling!.',1,0,'2016-06-07 05:26:12'),(9,76,11,'I goes like a stalk out of his pocket, and was going to shrink any further: she felt unhappy. \'It was much pleasanter at home,\' thought poor Alice, \'to pretend to be a comfort, one way--never to be.',0,1,'2016-01-04 14:33:52'),(10,29,12,'Alice! when she noticed that the reason of that?\' \'In my youth,\' said his father, \'I took to the other, looking uneasily at the Queen, \'and take this child away with me,\' thought Alice, \'it\'ll never.',0,0,'2010-09-08 05:56:14'),(11,72,25,'Where CAN I have none, Why, I wouldn\'t be so kind,\' Alice replied, so eagerly that the Mouse to tell you--all I know I have dropped them, I wonder?\' And here Alice began to say anything. \'Why,\' said.',1,1,'2019-09-13 06:14:11'),(12,6,57,'Alice. \'And ever since that,\' the Hatter said, turning to the Dormouse, after thinking a minute or two, it was too dark to see the earth takes twenty-four hours to turn into a tidy little room with.',1,0,'2012-05-09 05:58:05'),(13,63,47,'YOUR temper!\' \'Hold your tongue!\' added the Gryphon, half to herself, \'I don\'t quite understand you,\' she said, \'than waste it in her life; it was YOUR table,\' said Alice; \'living at the place of.',0,0,'2020-01-26 10:18:30'),(14,43,74,'Gryphon added \'Come, let\'s try Geography. London is the reason so many different sizes in a sulky tone, as it settled down in a trembling voice:-- \'I passed by his garden, and I shall remember it in.',1,0,'2011-07-07 20:05:01'),(15,40,77,'So they went up to them to be sure; but I hadn\'t mentioned Dinah!\' she said to herself in the air. This time there were any tears. No, there were a Duck and a Long Tale They were just beginning to.',0,1,'2012-11-06 08:03:06'),(16,63,86,'Mock Turtle is.\' \'It\'s the stupidest tea-party I ever was at in all my limbs very supple By the use of this was of very little use without my shoulders. Oh, how I wish I hadn\'t drunk quite so much!\'.',0,1,'2016-10-22 07:21:14'),(17,41,47,'Duchess; \'I never saw one, or heard of \"Uglification,\"\' Alice ventured to ask. \'Suppose we change the subject of conversation. While she was not here before,\' said the Duchess, digging her sharp.',1,0,'2012-11-23 03:45:01'),(18,9,4,'Queen. \'You make me larger, it must make me giddy.\' And then, turning to Alice. \'Only a thimble,\' said Alice indignantly. \'Ah! then yours wasn\'t a bit of mushroom, and crawled away in the chimney.',0,1,'2018-05-29 09:04:30'),(19,93,54,'Allow me to introduce it.\' \'I don\'t even know what \"it\" means.\' \'I know what to beautify is, I can\'t tell you my history, and you\'ll understand why it is almost certain to disagree with you, sooner.',1,1,'2013-09-20 20:38:02'),(20,88,77,'This did not wish to offend the Dormouse said--\' the Hatter said, tossing his head mournfully. \'Not I!\' said the Mock Turtle, suddenly dropping his voice; and Alice was not going to remark myself.\'.',1,0,'2015-02-01 23:06:15'),(21,20,70,'Alice quite jumped; but she gained courage as she could do, lying down with her face in her pocket) till she was a good deal worse off than before, as the jury wrote it down into its face was quite.',1,0,'2012-10-04 14:17:47'),(22,89,33,'Mad Tea-Party There was certainly English. \'I don\'t see how he can thoroughly enjoy The pepper when he sneezes; For he can EVEN finish, if he were trying to explain it is almost certain to disagree.',0,0,'2012-01-15 23:35:39'),(23,99,94,'Queen, and Alice could hear him sighing as if it began ordering people about like that!\' He got behind Alice as he fumbled over the list, feeling very glad that it was the only one way up as the.',0,1,'2011-06-03 08:17:24'),(24,75,91,'Which shall sing?\' \'Oh, YOU sing,\' said the March Hare. \'Sixteenth,\' added the Gryphon; and then raised himself upon tiptoe, put his shoes on. \'--and just take his head contemptuously. \'I dare say.',1,0,'2017-06-27 10:56:43'),(25,31,80,'But do cats eat bats, I wonder?\' And here poor Alice began to cry again. \'You ought to tell me your history, you know,\' the Hatter hurriedly left the court, arm-in-arm with the lobsters, out to sea.',1,0,'2011-10-24 13:07:21'),(26,9,3,'Gryphon, before Alice could hardly hear the very tones of her ever getting out of its mouth, and addressed her in a whisper.) \'That would be like, \'--for they haven\'t got much evidence YET,\' she.',1,0,'2016-09-08 16:59:13'),(27,88,31,'Alice. \'Did you say it.\' \'That\'s nothing to do: once or twice, and shook itself. Then it got down off the fire, and at once to eat the comfits: this caused some noise and confusion, as the other.\'.',1,0,'2010-08-24 15:34:10'),(28,92,64,'IS a long argument with the dream of Wonderland of long ago: and how she would feel very sleepy and stupid), whether the pleasure of making a daisy-chain would be offended again. \'Mine is a very.',1,0,'2014-10-05 04:58:29'),(29,46,36,'Bill,\' thought Alice,) \'Well, I can\'t show it you myself,\' the Mock Turtle, suddenly dropping his voice; and Alice was so long since she had not long to doubt, for the garden!\' and she went on, half.',0,0,'2018-02-26 05:40:50'),(30,42,100,'But I\'ve got back to the law, And argued each case with MINE,\' said the King. Here one of them were animals, and some of YOUR adventures.\' \'I could tell you more than that, if you were all.',1,1,'2010-12-21 13:26:46'),(31,76,79,'At last the Gryphon never learnt it.\' \'Hadn\'t time,\' said the King. The next thing is, to get hold of anything, but she had wept when she got used to do:-- \'How doth the little magic bottle had now.',1,0,'2018-10-18 20:53:45'),(32,67,99,'But she waited patiently. \'Once,\' said the Duchess; \'and that\'s a fact.\' Alice did not seem to dry me at all.\' \'In that case,\' said the Caterpillar. \'Well, perhaps you were or might have been was.',0,0,'2019-06-08 17:09:42'),(33,90,56,'Hatter went on, \'you see, a dog growls when it\'s angry, and wags its tail when it\'s angry, and wags its tail when it\'s angry, and wags its tail about in the long hall, and wander about among those.',1,0,'2014-05-09 10:33:08'),(34,8,70,'Only I don\'t like the three gardeners, oblong and flat, with their hands and feet, to make ONE respectable person!\' Soon her eye fell on a summer day: The Knave of Hearts, and I shall think nothing.',0,1,'2017-08-21 18:26:35'),(35,28,27,'YOU manage?\' Alice asked. The Hatter opened his eyes. He looked anxiously round, to make out that it seemed quite natural to Alice to herself. \'Of the mushroom,\' said the King, who had spoken first..',0,0,'2017-04-02 13:52:03'),(36,52,79,'WOULD go with the birds and beasts, as well say,\' added the Gryphon; and then nodded. \'It\'s no business there, at any rate I\'ll never go THERE again!\' said Alice in a Little Bill It was the same.',1,1,'2015-03-22 15:34:06'),(37,37,48,'Duck. \'Found IT,\' the Mouse was swimming away from him, and very angrily. \'A knot!\' said Alice, \'and if it had been. But her sister on the floor: in another moment, splash! she was now more than.',1,1,'2019-10-05 09:51:26'),(38,30,4,'So they went up to her feet as the soldiers had to fall upon Alice, as she fell past it. \'Well!\' thought Alice to herself. \'Shy, they seem to dry me at home! Why, I do hope it\'ll make me smaller, I.',1,1,'2016-01-17 09:25:27'),(39,31,44,'And in she went. Once more she found this a very deep well. Either the well was very deep, or she fell very slowly, for she had read about them in books, and she crossed her hands up to her great.',0,0,'2014-06-07 11:32:28'),(40,24,87,'Hatter. He had been for some while in silence. At last the Gryphon went on, \'that they\'d let Dinah stop in the sea!\' cried the Gryphon. \'Well, I can\'t take more.\' \'You mean you can\'t take LESS,\'.',0,1,'2016-02-24 03:17:45'),(41,62,50,'So Bill\'s got the other--Bill! fetch it here, lad!--Here, put \'em up at the Mouse\'s tail; \'but why do you know what they\'re about!\' \'Read them,\' said the Lory, who at last in the distance, and she.',1,1,'2016-11-21 20:32:31'),(42,62,59,'YOU like cats if you drink much from a Caterpillar The Caterpillar and Alice looked up, and began bowing to the jury. They were just beginning to get in at the place of the garden: the roses growing.',1,1,'2010-05-07 14:50:22'),(43,9,67,'THIS size: why, I should frighten them out again. Suddenly she came in sight of the door of which was sitting on the trumpet, and then unrolled the parchment scroll, and read out from his book,.',0,1,'2012-08-27 05:11:07'),(44,10,48,'Mock Turtle. \'No, no! The adventures first,\' said the Mock Turtle, capering wildly about. \'Change lobsters again!\' yelled the Gryphon in an undertone,.',0,1,'2014-11-13 09:42:53'),(45,7,91,'So they got settled down again, the Dodo replied very gravely. \'What else have you executed.\' The miserable Hatter dropped his teacup and bread-and-butter, and then added them up, and reduced the.',0,1,'2012-04-14 18:53:54'),(46,34,97,'And yet you incessantly stand on your shoes and stockings for you now, dears? I\'m sure I have to go on. \'And so these three little sisters,\' the Dormouse said--\' the Hatter instead!\' CHAPTER VII. A.',1,1,'2015-12-26 01:54:04'),(47,81,15,'VERY unpleasant state of mind, she turned the corner, but the great concert given by the whole pack rose up into the Dormouse\'s place, and Alice was not a mile high,\' said Alice. \'Come, let\'s try.',0,1,'2015-12-12 04:52:37'),(48,32,12,'Mock Turtle went on. \'Or would you like the Mock Turtle sighed deeply, and began, in rather a handsome pig, I think.\' And she began again: \'Ou est ma chatte?\' which was lit up by wild beasts and.',1,0,'2010-08-30 16:41:06'),(49,64,83,'Alice. \'What IS a Caucus-race?\' said Alice; \'all I know I have none, Why, I do it again and again.\' \'You are old, Father William,\' the young lady tells us a story!\' said the Gryphon: \'I went to work.',0,1,'2020-02-04 21:10:50'),(50,21,58,'I have to ask his neighbour to tell its age, there was nothing so VERY tired of sitting by her sister was reading, but it is.\' \'Then you shouldn\'t talk,\' said the Hatter. \'Nor I,\' said the youth,.',1,1,'2014-06-04 03:23:32'),(51,28,63,'Gryphon replied very solemnly. Alice was very likely true.) Down, down, down. Would the fall NEVER come to the Hatter. This piece of evidence we\'ve heard yet,\' said Alice; \'you needn\'t be afraid of.',0,0,'2015-05-17 13:12:18'),(52,33,75,'English coast you find a pleasure in all directions, tumbling up against each other; however, they got their tails in their mouths; and the other side, the puppy began a series of short charges at.',1,0,'2013-08-19 05:37:24'),(53,75,48,'The Antipathies, I think--\' (she was obliged to write this down on their hands and feet, to make out exactly what they WILL do next! As for pulling me out of a treacle-well--eh, stupid?\' \'But they.',0,0,'2013-05-28 13:50:13'),(54,15,31,'Queen left off, quite out of their hearing her; and the Mock Turtle persisted. \'How COULD he turn them out of the table, half hoping that the meeting adjourn, for the pool a little ledge of rock,.',1,0,'2010-12-24 13:55:01'),(55,11,59,'Alice could see it trying in a ring, and begged the Mouse was bristling all over, and both creatures hid their faces in their mouths. So they had to do it.\' (And, as you can--\' \'Swim after them!\'.',1,1,'2011-10-18 18:54:41'),(56,60,26,'I only knew how to speak with. Alice waited patiently until it chose to speak first, \'why your cat grins like that?\' \'It\'s a Cheshire cat,\' said the Queen. \'You make me giddy.\' And then, turning to.',0,1,'2018-02-19 18:10:35'),(57,50,68,'Alice had got its head impatiently, and said, \'That\'s right, Five! Always lay the blame on others!\' \'YOU\'D better not do that again!\' which produced another dead silence. Alice was just saying to.',0,0,'2016-12-23 22:55:55'),(58,92,54,'YOU are, first.\' \'Why?\' said the Gryphon: and it was looking up into the loveliest garden you ever eat a bat?\' when suddenly, thump! thump! down she came upon a heap of sticks and dry leaves, and.',1,1,'2019-12-23 11:35:19'),(59,94,6,'Queen said to the jury, in a solemn tone, \'For the Duchess. An invitation from the time she had not gone (We know it was getting so far off). \'Oh, my poor little thing sobbed again (or grunted, it.',1,0,'2019-03-17 11:29:07'),(60,47,16,'Suppress him! Pinch him! Off with his head!\' or \'Off with his head!\"\' \'How dreadfully savage!\' exclaimed Alice. \'And where HAVE my shoulders got to? And oh, I wish you could see her after the.',1,0,'2011-09-18 07:36:57'),(61,38,44,'ARE a simpleton.\' Alice did not much surprised at her for a rabbit! I suppose it doesn\'t mind.\' The table was a very humble tone, going down on one side, to look at them--\'I wish they\'d get the.',0,1,'2014-09-04 14:44:18'),(62,3,85,'Come on!\' So they went on to himself in an undertone, \'important--unimportant--unimportant--important--\' as if his heart would break. She pitied him deeply. \'What is it?\' he said. \'Fifteenth,\' said.',1,0,'2013-10-31 11:10:11'),(63,16,24,'March Hare went on. \'Or would you like the largest telescope that ever was! Good-bye, feet!\' (for when she heard one of them say, \'Look out now, Five! Don\'t go splashing paint over me like that!\'.',1,1,'2015-06-03 00:01:00'),(64,70,77,'Alice. \'Why, there they lay sprawling about, reminding her very much pleased at having found out a box of comfits, (luckily the salt water had not the smallest notice of her or of anything to put.',1,0,'2011-06-05 20:25:24'),(65,76,49,'The only things in the prisoner\'s handwriting?\' asked another of the court. All this time the Queen had never seen such a capital one for catching mice you can\'t take LESS,\' said the Mock Turtle..',1,0,'2011-01-28 02:37:14'),(66,14,25,'Hatter said, tossing his head sadly. \'Do I look like one, but the Mouse in the distance, screaming with passion. She had already heard her sentence three of the court. (As that is enough,\' Said his.',0,0,'2012-08-08 07:01:52'),(67,83,41,'Why, I wouldn\'t be so easily offended, you know!\' The Mouse did not much like keeping so close to her, \'if we had the best of educations--in fact, we went to the croquet-ground. The other side will.',0,1,'2013-01-28 01:58:00'),(68,52,38,'Then the Queen had only one who had meanwhile been examining the roses. \'Off with his head!\' or \'Off with their hands and feet at once, and ran till she fancied she heard was a good deal: this.',0,0,'2010-04-21 01:51:50'),(69,35,59,'March Hare interrupted in a tone of delight, which changed into alarm in another moment down went Alice after it, \'Mouse dear! Do come back with the next witness was the King; and the other bit. Her.',0,0,'2015-01-21 14:11:12'),(70,90,73,'Mouse replied rather crossly: \'of course you know that Cheshire cats always grinned; in fact, a sort of way, \'Do cats eat bats, I wonder?\' As she said these words her foot as far as they would die..',0,0,'2014-03-09 21:09:53'),(71,93,45,'She is such a neck as that! No, no! You\'re a serpent; and there\'s no room to open them again, and she jumped up in her pocket, and pulled out a box of comfits, (luckily the salt water had not the.',1,0,'2014-09-19 14:35:06'),(72,48,3,'Very soon the Rabbit say, \'A barrowful of WHAT?\' thought Alice; \'only, as it\'s asleep, I suppose I ought to have any pepper in that poky little house, and have next to no toys to play croquet with.',0,1,'2012-07-13 01:41:53'),(73,72,52,'The Mouse looked at Alice. \'It must be a comfort, one way--never to be two people! Why, there\'s hardly enough of it at last, and they lived at the door and found that her neck kept getting entangled.',1,1,'2015-05-09 15:52:13'),(74,40,44,'The Rabbit started violently, dropped the white kid gloves: she took courage, and went on for some time with the name \'Alice!\' CHAPTER XII. Alice\'s Evidence \'Here!\' cried Alice, quite forgetting her.',1,1,'2015-07-17 00:42:06'),(75,99,62,'I was a large cat which was lit up by wild beasts and other unpleasant things, all because they WOULD put their heads downward! The Antipathies, I think--\' (for, you see, Miss, we\'re doing our best,.',1,0,'2011-04-28 00:33:21'),(76,13,78,'Knave of Hearts, she made out that she was going to happen next. \'It\'s--it\'s a very short time the Queen furiously, throwing an inkstand at the March Hare meekly replied. \'Yes, but I can\'t.',0,1,'2010-04-17 19:48:57'),(77,51,22,'Alice; \'but when you come and join the dance? Will you, won\'t you, will you, won\'t you, will you, won\'t you, will you, won\'t you, will you, won\'t you, will you, won\'t you join the dance. Would not,.',1,1,'2012-06-06 15:32:09'),(78,54,3,'Alice. \'Come on, then!\' roared the Queen, pointing to the Gryphon. \'Of course,\' the Mock Turtle repeated thoughtfully. \'I should have croqueted the Queen\'s shrill cries to the porpoise, \"Keep back,.',0,0,'2018-05-10 11:08:11'),(79,52,53,'A secret, kept from all the jurors were all writing very busily on slates. \'What are you getting on?\' said the Duck: \'it\'s generally a frog or a serpent?\' \'It matters a good character, But said I.',0,1,'2018-03-04 20:32:27'),(80,9,83,'There was a large crowd collected round it: there was no \'One, two, three, and away,\' but they all stopped and looked at Two. Two began in a frightened tone. \'The Queen of Hearts were seated on.',1,1,'2017-01-13 22:13:03'),(81,88,92,'What happened to you? Tell us all about for it, he was in the distance, and she at once to eat the comfits: this caused some noise and confusion, as the whole party look so grave that she began.',1,0,'2011-04-24 09:08:22'),(82,95,99,'Alice could see it written down: but I shall have some fun now!\' thought Alice. One of the cupboards as she went back to the tarts on the floor, and a crash of broken glass. \'What a pity it wouldn\'t.',1,0,'2010-06-14 10:42:14'),(83,8,41,'March Hare. Alice sighed wearily. \'I think you can find them.\' As she said to the fifth bend, I think?\' he said to Alice. \'Only a thimble,\' said Alice loudly. \'The idea of the hall; but, alas!.',0,0,'2013-05-21 22:04:30'),(84,83,90,'I got up and to her great delight it fitted! Alice opened the door opened inwards, and Alice\'s first thought was that she wanted to send the hedgehog to, and, as the Dormouse indignantly. However,.',0,1,'2017-04-27 12:33:13'),(85,1,34,'That\'s all.\' \'Thank you,\' said the Hatter. \'You MUST remember,\' remarked the King, \'or I\'ll have you executed.\' The miserable Hatter dropped his teacup and bread-and-butter, and went on in a tone of.',1,0,'2019-12-19 00:56:19'),(86,69,40,'Mock Turtle said with a yelp of delight, and rushed at the top of his pocket, and was going a journey, I should like to be in a loud, indignant voice, but she remembered how small she was surprised.',0,0,'2016-10-09 19:13:45'),(87,95,54,'Beautiful, beautiful Soup! Beau--ootiful Soo--oop! Beau--ootiful Soo--oop! Soo--oop of the sea.\' \'I couldn\'t afford to learn it.\' said the Hatter. \'Stolen!\' the King put on his knee, and the Panther.',1,0,'2012-03-17 19:20:57'),(88,82,51,'Cat. \'I don\'t know much,\' said Alice; \'I can\'t explain MYSELF, I\'m afraid, sir\' said Alice, in a trembling voice:-- \'I passed by his garden, and marked, with one eye, How the Owl had the dish as its.',0,0,'2015-12-20 14:29:04'),(89,7,82,'Duchess said to herself, \'after such a dreadful time.\' So Alice got up in spite of all the jurors had a consultation about this, and after a pause: \'the reason is, that I\'m doubtful about the reason.',1,1,'2016-03-03 07:15:13'),(90,88,94,'Cat. \'Do you know why it\'s called a whiting?\' \'I never could abide figures!\' And with that she still held the pieces of mushroom in her head, and she looked up eagerly, half hoping that they must be.',0,1,'2010-07-19 13:13:00'),(91,4,38,'Alice; but she could get away without being seen, when she had to stop and untwist it. After a while, finding that nothing more to do such a curious appearance in the long hall, and wander about.',0,1,'2019-09-19 15:25:51'),(92,78,76,'Tortoise, if he thought it had come to the table, but it puzzled her a good deal to ME,\' said the Hatter, \'I cut some more of it altogether; but after a fashion, and this was his first speech. \'You.',1,0,'2010-12-24 16:58:03'),(93,44,93,'France-- Then turn not pale, beloved snail, but come and join the dance? Will you, won\'t you, won\'t you, will you, won\'t you join the dance. Would not, could not, would not, could not, would not,.',0,1,'2016-09-08 04:12:38'),(94,31,77,'When I used to do:-- \'How doth the little glass box that was sitting next to her. The Cat only grinned a little three-legged table, all made a dreadfully ugly child: but it was too small, but at.',0,1,'2017-05-13 14:19:36'),(95,92,28,'Father William replied to his son, \'I feared it might end, you know,\' said the Mock Turtle sang this, very slowly and sadly:-- \'\"Will you walk a little bird as soon as she was trying to explain it.',0,0,'2019-09-02 20:26:25'),(96,65,41,'Pigeon, but in a great thistle, to keep herself from being run over; and the great puzzle!\' And she opened it, and they repeated their arguments to her, one on each side to guard him; and near the.',0,1,'2012-09-23 05:10:53'),(97,9,23,'Alice ventured to say. \'What is it?\' The Gryphon sat up and down, and was a general chorus of voices asked. \'Why, SHE, of course,\' the Gryphon remarked: \'because they lessen from day to such stuff?.',1,1,'2017-07-18 18:08:23'),(98,85,57,'And the Gryphon went on. Her listeners were perfectly quiet till she was always ready to play croquet.\' The Frog-Footman repeated, in the pool was getting so thin--and the twinkling of the sense,.',0,0,'2013-11-02 09:37:10'),(99,27,65,'Dormouse; \'VERY ill.\' Alice tried to curtsey as she could, and soon found out that it might not escape again, and went down to them, they set to work at once in the last word two or three of the.',0,1,'2016-07-12 02:21:44'),(100,44,25,'But I\'ve got back to the rose-tree, she went in without knocking, and hurried upstairs, in great fear lest she should push the matter on, What would become of me?\' Luckily for Alice, the little.',1,0,'2014-05-16 00:07:44');
/*!40000 ALTER TABLE `messages` ENABLE KEYS */;
UNLOCK TABLES;

--
-- Table structure for table `profiles`
--

DROP TABLE IF EXISTS `profiles`;
/*!40101 SET @saved_cs_client     = @@character_set_client */;
/*!50503 SET character_set_client = utf8mb4 */;
CREATE TABLE `profiles` (
  `user_id` int unsigned NOT NULL,
  `gender` char(1) CHARACTER SET utf8 COLLATE utf8_unicode_ci NOT NULL,
  `birthday` date DEFAULT NULL,
  `city` varchar(100) CHARACTER SET utf8 COLLATE utf8_unicode_ci DEFAULT NULL,
  `country` varchar(100) CHARACTER SET utf8 COLLATE utf8_unicode_ci DEFAULT NULL,
  `photo_id` int DEFAULT NULL,
  `created_at` datetime DEFAULT CURRENT_TIMESTAMP,
  `updated_at` datetime DEFAULT CURRENT_TIMESTAMP ON UPDATE CURRENT_TIMESTAMP
) ENGINE=InnoDB DEFAULT CHARSET=utf8 COLLATE=utf8_unicode_ci;
/*!40101 SET character_set_client = @saved_cs_client */;

--
-- Dumping data for table `profiles`
--

LOCK TABLES `profiles` WRITE;
/*!40000 ALTER TABLE `profiles` DISABLE KEYS */;
INSERT INTO `profiles` VALUES (1,'f','1975-02-18','Ewaldfurt','Fiji',NULL,'2013-10-07 00:53:54','2020-03-01 22:57:52'),(2,'m','2015-08-17','West Vellamouth','Tonga',61,'2016-04-03 20:19:10','2020-03-01 22:57:52'),(3,'m','1988-01-25','West Vance','Somalia',NULL,'2018-04-03 15:34:22','2020-03-01 22:57:52'),(4,'m','2018-12-04','Eddmouth','Singapore',46,'2010-12-18 08:45:40','2020-03-01 22:57:52'),(5,'f','2005-04-16','East Finn','Luxembourg',NULL,'2016-01-14 01:12:01','2020-03-01 22:57:52'),(6,'m','1991-10-27','Rossiechester','Bhutan',NULL,'2016-09-27 03:35:14','2020-03-01 22:57:52'),(7,'f','2000-04-10','Lakinchester','Bouvet Island (Bouvetoya)',NULL,'2010-09-05 09:36:52','2020-03-01 22:57:52'),(8,'f','1989-06-10','DuBuqueborough','Singapore',NULL,'2012-03-30 15:07:31','2020-03-01 22:57:52'),(9,'m','1984-02-05','South Brenda','United Arab Emirates',NULL,'2019-03-03 11:10:24','2020-03-01 22:57:52'),(10,'f','1996-10-15','Kaylieborough','Niue',50,'2018-04-05 00:01:03','2020-03-01 22:57:52'),(11,'f','2008-11-28','Braunmouth','Central African Republic',NULL,'2010-05-05 01:04:37','2020-03-01 22:57:52'),(12,'f','2011-01-27','Wolffport','Niger',NULL,'2014-07-21 07:52:33','2020-03-01 22:57:52'),(13,'m','2008-06-23','Jakubowskiborough','British Indian Ocean Territory (Chagos Archipelago)',NULL,'2014-02-27 21:22:12','2020-03-01 22:57:52'),(14,'m','1980-07-25','South Justusburgh','Puerto Rico',20,'2012-11-10 20:03:36','2020-03-01 22:57:52'),(15,'f','1973-02-19','East Genovevaton','Palestinian Territory',43,'2016-04-26 04:02:10','2020-03-01 22:57:52'),(16,'m','1982-04-24','Deckowville','Cote d\'Ivoire',NULL,'2011-10-10 21:46:47','2020-03-01 22:57:52'),(17,'m','1977-03-24','South Kaia','Afghanistan',NULL,'2011-04-20 13:47:06','2020-03-01 22:57:52'),(18,'f','1988-05-31','Alaynaport','Micronesia',85,'2018-10-16 12:29:12','2020-03-01 22:57:52'),(19,'f','2007-06-21','South Juana','Dominica',87,'2018-09-08 07:31:14','2020-03-01 22:57:52'),(20,'m','1983-08-15','New Filomena','Falkland Islands (Malvinas)',NULL,'2016-12-11 09:23:42','2020-03-01 22:57:52'),(21,'m','1970-10-21','Konopelskiton','Cape Verde',NULL,'2018-12-03 04:11:54','2020-03-01 22:57:52'),(22,'f','1998-01-02','West Jovannyfort','Wallis and Futuna',79,'2011-11-10 14:30:48','2020-03-01 22:57:52'),(23,'f','2016-01-29','West Gordon','Barbados',NULL,'2012-03-29 23:19:37','2020-03-01 22:57:52'),(24,'m','2011-04-10','Port Salma','Ethiopia',NULL,'2010-03-14 17:59:43','2020-03-01 22:57:52'),(25,'m','1990-06-01','Cruickshankbury','Armenia',NULL,'2012-02-09 18:09:14','2020-03-01 22:57:52'),(26,'f','2017-06-09','Port Toytown','Netherlands',45,'2019-01-06 03:14:12','2020-03-01 22:57:52'),(27,'f','1971-01-23','Jannieville','Solomon Islands',NULL,'2011-05-11 04:19:00','2020-03-01 22:57:52'),(28,'m','2013-07-10','Carlottaside','Maldives',51,'2014-07-18 13:18:31','2020-03-01 22:57:52'),(29,'m','2015-11-18','Malvinatown','Senegal',NULL,'2012-08-06 19:32:59','2020-03-01 22:57:52'),(30,'f','1973-07-21','Lake Erikaburgh','Nepal',NULL,'2015-03-01 00:48:20','2020-03-01 22:57:52'),(31,'f','1995-11-02','Port Ara','Ethiopia',NULL,'2012-12-14 01:55:00','2020-03-01 22:57:52'),(32,'m','1981-03-25','Jeremyfurt','Gabon',NULL,'2016-11-23 03:51:22','2020-03-01 22:57:52'),(33,'f','2004-07-13','Lake Emmanuellefort','Comoros',66,'2017-03-17 13:59:17','2020-03-01 22:57:52'),(34,'f','2009-03-07','Arvidshire','Finland',NULL,'2016-04-04 03:49:06','2020-03-01 22:57:52'),(35,'m','1976-05-14','Port Carliborough','Poland',91,'2017-07-19 07:33:52','2020-03-01 22:57:52'),(36,'f','2002-08-15','Huelport','Philippines',NULL,'2017-05-09 11:21:43','2020-03-01 22:57:52'),(37,'m','2002-03-03','Forestview','Myanmar',11,'2010-11-01 06:14:21','2020-03-01 22:57:52'),(38,'m','2007-03-11','Port Etha','Eritrea',NULL,'2018-06-04 13:54:24','2020-03-01 22:57:52'),(39,'m','2009-07-20','Lake Astridstad','Israel',NULL,'2010-11-28 03:43:50','2020-03-01 22:57:52'),(40,'m','1992-10-09','Lake Brett','Moldova',NULL,'2018-11-27 17:45:05','2020-03-01 22:57:52'),(41,'m','1975-01-10','Alecville','South Georgia and the South Sandwich Islands',NULL,'2019-06-13 01:33:41','2020-03-01 22:57:52'),(42,'m','1972-12-29','Candidafurt','Wallis and Futuna',12,'2014-02-28 08:36:48','2020-03-01 22:57:52'),(43,'f','1980-05-17','West Juliet','Turkmenistan',NULL,'2014-07-23 08:52:53','2020-03-01 22:57:52'),(44,'m','1977-10-18','Roryshire','Guinea-Bissau',NULL,'2019-03-05 15:21:43','2020-03-01 22:57:52'),(45,'f','1982-05-22','New Ivoryton','Tunisia',NULL,'2013-06-26 09:33:24','2020-03-01 22:57:52'),(46,'f','1993-06-06','Kuphalshire','Niger',NULL,'2010-05-08 18:17:29','2020-03-01 22:57:52'),(47,'m','2001-06-18','North Reneport','Mayotte',NULL,'2011-01-07 20:45:26','2020-03-01 22:57:52'),(48,'m','1995-10-17','Lake Josephton','Netherlands',NULL,'2017-10-13 03:59:22','2020-03-01 22:57:52'),(49,'f','2014-06-12','Braunburgh','France',NULL,'2019-08-17 03:10:41','2020-03-01 22:57:52'),(50,'f','2012-08-12','Creminmouth','Kuwait',15,'2011-09-21 21:03:25','2020-03-01 22:57:52'),(51,'f','2011-12-15','North Nyasia','San Marino',4,'2016-05-21 02:20:55','2020-03-01 22:57:52'),(52,'m','1984-01-21','West Deron','China',NULL,'2012-11-19 04:51:46','2020-03-01 22:57:52'),(53,'f','1971-07-31','New Trace','Georgia',NULL,'2011-12-01 19:34:28','2020-03-01 22:57:52'),(54,'m','1980-03-21','Allenmouth','Malta',NULL,'2013-02-28 16:56:16','2020-03-01 22:57:52'),(55,'m','1976-04-19','Toreyhaven','Sierra Leone',NULL,'2019-10-05 14:45:58','2020-03-01 22:57:52'),(56,'f','1984-08-31','Garretbury','Northern Mariana Islands',74,'2014-05-01 11:47:03','2020-03-01 22:57:52'),(57,'m','1997-10-05','Fayberg','Macedonia',NULL,'2011-02-14 15:38:20','2020-03-01 22:57:52'),(58,'f','1972-07-10','East Terrence','Kenya',NULL,'2019-03-31 21:10:52','2020-03-01 22:57:52'),(59,'f','1973-11-06','New Alec','Korea',NULL,'2018-05-11 19:27:05','2020-03-01 22:57:52'),(60,'m','2012-05-03','Port Agustina','Singapore',17,'2014-04-30 03:05:29','2020-03-01 22:57:52'),(61,'m','1978-07-18','East Lizziemouth','Heard Island and McDonald Islands',55,'2011-12-23 21:19:12','2020-03-01 22:57:52'),(62,'f','2000-09-13','Manteshire','Botswana',NULL,'2014-02-22 12:24:03','2020-03-01 22:57:52'),(63,'m','2014-01-04','Lake Jessicaport','Saint Barthelemy',37,'2017-12-15 10:21:10','2020-03-01 22:57:52'),(64,'f','1984-08-07','New Una','Togo',NULL,'2013-02-12 01:24:26','2020-03-01 22:57:52'),(65,'f','1990-07-15','Ettieberg','Jersey',NULL,'2011-09-05 10:06:34','2020-03-01 22:57:52'),(66,'f','1999-09-14','South Bartholomeside','Australia',NULL,'2019-03-11 02:33:42','2020-03-01 22:57:52'),(67,'f','1999-01-04','Lake Ramona','Niger',39,'2017-01-20 09:52:49','2020-03-01 22:57:52'),(68,'m','2017-12-07','West Nyasiafort','Zimbabwe',99,'2015-03-07 06:18:34','2020-03-01 22:57:52'),(69,'m','1994-08-19','Connberg','Kuwait',NULL,'2011-04-09 12:27:25','2020-03-01 22:57:52'),(70,'m','2006-05-14','East Beulah','Dominica',NULL,'2015-02-12 02:34:30','2020-03-01 22:57:52'),(71,'m','1981-09-17','South Alvinachester','Honduras',NULL,'2012-12-21 16:56:01','2020-03-01 22:57:52'),(72,'m','1976-11-10','Maurineshire','Antarctica (the territory South of 60 deg S)',NULL,'2015-02-09 14:23:14','2020-03-01 22:57:52'),(73,'f','2018-06-22','East Rosalinda','Tunisia',NULL,'2017-03-17 15:31:28','2020-03-01 22:57:52'),(74,'m','1975-01-05','Jordanemouth','Kyrgyz Republic',18,'2015-09-17 11:57:50','2020-03-01 22:57:52'),(75,'m','1986-10-11','North Tomas','Eritrea',NULL,'2015-03-24 14:27:47','2020-03-01 22:57:52'),(76,'f','1975-06-26','Lake Vincent','Turkey',NULL,'2014-01-19 14:16:01','2020-03-01 22:57:52'),(77,'f','1972-03-05','Smithamberg','Tuvalu',NULL,'2010-08-12 04:45:52','2020-03-01 22:57:52'),(78,'f','2003-04-27','West Tommie','Mexico',NULL,'2015-12-11 06:51:35','2020-03-01 22:57:52'),(79,'m','1977-01-03','South Barrettfort','Moldova',NULL,'2017-01-11 06:09:56','2020-03-01 22:57:52'),(80,'m','1977-08-21','Faybury','Martinique',NULL,'2019-03-06 03:20:17','2020-03-01 22:57:52'),(81,'m','2019-10-22','Port Ramon','Montserrat',NULL,'2013-01-18 23:56:41','2020-03-01 22:57:52'),(82,'m','2003-04-22','East Elisa','Spain',62,'2012-03-18 01:06:52','2020-03-01 22:57:52'),(83,'f','2017-07-26','Port Frankiestad','Japan',NULL,'2020-01-11 14:26:24','2020-03-01 22:57:52'),(84,'m','2005-11-26','Blockport','Guadeloupe',NULL,'2018-03-17 16:43:59','2020-03-01 22:57:52'),(85,'f','2013-02-09','Lake Donatomouth','Gibraltar',NULL,'2012-11-10 06:29:31','2020-03-01 22:57:52'),(86,'f','2006-06-08','Madisynside','Svalbard & Jan Mayen Islands',NULL,'2014-06-18 20:55:00','2020-03-01 22:57:52'),(87,'f','1972-07-04','New Gordonville','Georgia',NULL,'2010-09-26 13:48:00','2020-03-01 22:57:52'),(88,'f','1993-12-03','Lake Ryan','Pakistan',NULL,'2018-02-08 00:21:42','2020-03-01 22:57:52'),(89,'f','1985-06-02','Kerlukeview','Portugal',NULL,'2014-01-05 23:39:11','2020-03-01 22:57:52'),(90,'f','1977-11-12','Lednermouth','Nepal',NULL,'2014-04-23 23:46:49','2020-03-01 22:57:52'),(91,'m','2002-07-24','Leannonton','Madagascar',73,'2011-09-19 13:43:42','2020-03-01 22:57:52'),(92,'m','2010-06-20','East Hardy','Bulgaria',35,'2012-05-30 18:16:43','2020-03-01 22:57:52'),(93,'f','1972-08-03','Kendallmouth','Georgia',NULL,'2012-05-30 11:09:28','2020-03-01 22:57:52'),(94,'m','1970-02-18','West Willieville','South Africa',95,'2013-09-12 23:28:02','2020-03-01 22:57:52'),(95,'f','2005-10-09','Port Dulce','Tuvalu',89,'2020-01-10 23:15:05','2020-03-01 22:57:52'),(96,'m','2008-03-26','North Jamaalstad','Greenland',41,'2015-12-21 19:14:23','2020-03-01 22:57:52'),(97,'f','1999-01-11','Weissnatborough','Heard Island and McDonald Islands',NULL,'2017-07-20 23:16:03','2020-03-01 22:57:52'),(98,'f','2005-09-28','Yundtshire','Dominica',NULL,'2017-07-26 00:20:16','2020-03-01 22:57:52'),(99,'f','1994-01-15','Jaysonberg','Germany',NULL,'2018-01-04 15:36:31','2020-03-01 22:57:52'),(100,'m','1974-05-08','Florianview','Slovenia',NULL,'2019-10-26 00:39:43','2020-03-01 22:57:52');
/*!40000 ALTER TABLE `profiles` ENABLE KEYS */;
UNLOCK TABLES;

--
-- Table structure for table `users`
--

DROP TABLE IF EXISTS `users`;
/*!40101 SET @saved_cs_client     = @@character_set_client */;
/*!50503 SET character_set_client = utf8mb4 */;
CREATE TABLE `users` (
  `id` int unsigned NOT NULL AUTO_INCREMENT,
  `first_name` varchar(100) CHARACTER SET utf8 COLLATE utf8_unicode_ci NOT NULL,
  `last_name` varchar(100) CHARACTER SET utf8 COLLATE utf8_unicode_ci NOT NULL,
  `email` varchar(120) CHARACTER SET utf8 COLLATE utf8_unicode_ci NOT NULL,
  `phone` varchar(120) CHARACTER SET utf8 COLLATE utf8_unicode_ci NOT NULL,
  `created_at` datetime DEFAULT CURRENT_TIMESTAMP,
  `updated_at` datetime DEFAULT CURRENT_TIMESTAMP ON UPDATE CURRENT_TIMESTAMP,
  PRIMARY KEY (`id`),
  UNIQUE KEY `email` (`email`),
  UNIQUE KEY `phone` (`phone`)
) ENGINE=InnoDB AUTO_INCREMENT=101 DEFAULT CHARSET=utf8 COLLATE=utf8_unicode_ci;
/*!40101 SET character_set_client = @saved_cs_client */;

--
-- Dumping data for table `users`
--

LOCK TABLES `users` WRITE;
/*!40000 ALTER TABLE `users` DISABLE KEYS */;
INSERT INTO `users` VALUES (1,'Mya','Haley','ari.hills@example.org','01158175357','2015-05-11 08:24:15','2019-07-28 06:16:37'),(2,'Tyrique','Lakin','hilpert.ofelia@example.com','085-148-9422x1311','2017-09-16 05:55:20','2019-08-25 01:38:23'),(3,'Isaiah','Medhurst','nkoelpin@example.com','(976)240-7196x043','2011-03-26 03:48:55','2019-04-28 07:58:35'),(4,'Loraine','Grant','reid.macejkovic@example.com','(142)863-6090x11105','2018-07-31 15:23:25','2019-05-31 23:46:58'),(5,'Guy','Koss','rashad.altenwerth@example.net','1-175-920-7475x70171','2012-05-30 11:15:13','2019-10-03 21:56:56'),(6,'Roman','Kihn','wwatsica@example.org','1-116-391-3226','2014-08-12 10:14:20','2019-08-23 11:23:22'),(7,'Eleanora','Schoen','damian41@example.net','09639074119','2015-12-21 07:57:42','2019-11-03 09:31:24'),(8,'Casimer','Swaniawski','kmitchell@example.com','334.758.9478x68694','2013-12-14 16:56:36','2019-05-02 18:06:07'),(9,'Octavia','Kutch','billy06@example.net','(002)334-7087','2017-04-23 11:57:43','2019-09-24 21:41:20'),(10,'Jabari','Bartoletti','kennith.bahringer@example.org','168-494-9706x7784','2013-12-16 19:50:07','2019-04-29 21:16:42'),(11,'Jesse','Kuhic','tyrese45@example.com','04671061765','2012-05-12 04:09:05','2019-06-29 22:49:56'),(12,'Claud','Terry','everardo.daniel@example.net','(394)760-2839','2019-01-13 03:48:00','2019-10-23 22:02:39'),(13,'Payton','Heaney','bechtelar.darian@example.com','+56(4)1166853028','2010-03-18 18:27:45','2019-12-25 00:37:15'),(14,'Brando','Gutkowski','burnice00@example.com','403.879.6227','2010-05-16 16:07:09','2019-05-01 04:09:02'),(15,'Alda','Wilkinson','nicolas.beer@example.com','1-604-627-6939x59933','2013-02-09 00:22:18','2019-07-15 01:10:36'),(16,'Pierre','Sporer','klocko.nora@example.com','(073)025-7862','2018-04-21 23:20:00','2019-06-04 07:12:23'),(17,'Russell','Volkman','ugaylord@example.org','(345)492-1167','2010-05-21 16:43:04','2019-11-19 15:47:57'),(18,'Eugenia','Wiza','hyatt.jarvis@example.org','1-607-145-7957','2015-01-15 05:44:15','2019-10-25 12:49:05'),(19,'Rafael','Kutch','cummings.janie@example.com','1-005-635-0161','2011-12-12 20:59:00','2019-12-29 00:54:35'),(20,'Efren','Botsford','padberg.friedrich@example.com','660.973.0260','2018-12-14 03:16:55','2019-12-26 05:06:44'),(21,'Carson','Gutkowski','aileen96@example.net','699-961-9437x10487','2018-04-05 03:44:17','2019-08-21 23:55:10'),(22,'Ryley','Kautzer','nelda.skiles@example.net','1-611-027-3961x1556','2011-03-13 00:42:01','2019-06-16 20:51:41'),(23,'Arnoldo','Okuneva','alejandra68@example.org','1-957-517-3464','2019-07-16 15:00:39','2019-08-06 14:57:01'),(24,'Eusebio','Weimann','chelsey.hansen@example.net','+97(7)5111122888','2011-03-05 00:00:47','2019-06-06 14:54:05'),(25,'Manuela','Heaney','sylvia.kulas@example.org','884-074-3645x54132','2016-03-24 15:41:00','2019-05-02 00:05:27'),(26,'Christina','Bartoletti','dswift@example.com','1-720-023-2579x5327','2019-01-07 14:57:10','2019-09-26 00:47:24'),(27,'Verner','McDermott','cecilia.tillman@example.org','1-162-611-1908','2015-12-03 21:52:47','2019-03-29 14:00:45'),(28,'Robyn','Moen','xcruickshank@example.com','03139475843','2016-05-05 16:51:16','2019-11-04 07:38:55'),(29,'Diego','Torp','mark96@example.com','1-058-545-3850','2012-08-10 04:33:46','2019-06-24 06:18:11'),(30,'Kirsten','Treutel','melody.parker@example.net','(196)662-8430','2011-12-01 17:22:30','2020-01-05 23:44:13'),(31,'Thaddeus','Grimes','dstroman@example.org','343-735-2608x54059','2012-10-17 16:42:33','2020-01-07 00:21:01'),(32,'Euna','Altenwerth','ned74@example.net','00736289315','2018-04-15 11:42:17','2019-11-29 18:55:49'),(33,'Gay','Hagenes','kozey.rubye@example.net','1-992-502-1834x341','2013-11-16 13:33:09','2019-11-24 08:25:00'),(34,'Jace','Marks','glover.colten@example.org','542.311.0136x518','2018-07-16 06:49:51','2019-10-30 07:06:24'),(35,'Domenica','Carter','mraz.orval@example.org','08266457097','2010-08-24 00:18:33','2019-08-18 15:58:52'),(36,'Cortney','Bogisich','jalon61@example.net','177.616.1681','2010-09-18 04:22:41','2019-05-06 04:06:51'),(37,'Addie','Yundt','watson.auer@example.com','+18(1)2063673199','2014-03-06 11:16:41','2019-10-09 03:42:16'),(38,'Aniya','Runolfsson','hthiel@example.org','713.472.6593','2011-03-05 16:18:42','2019-10-28 17:48:06'),(39,'Assunta','Feeney','helen48@example.com','+82(2)2221672385','2017-01-25 13:59:35','2019-08-15 17:23:46'),(40,'Lemuel','Von','ruecker.coralie@example.net','884-596-5600x1984','2012-06-04 22:20:22','2019-09-10 02:00:04'),(41,'Charley','Glover','qo\'connell@example.org','(763)768-2792','2019-01-03 07:07:32','2019-09-29 02:32:14'),(42,'Audreanne','Conn','abbey26@example.net','536-126-9722x8546','2016-03-12 21:35:23','2019-03-03 04:54:07'),(43,'Rosemary','Raynor','herzog.franz@example.org','058-061-4472','2018-03-15 02:09:10','2019-07-10 17:21:33'),(44,'Selina','Tromp','waldo.crona@example.com','1-363-647-4600','2017-03-22 04:43:45','2019-12-24 20:09:29'),(45,'Magnolia','Hoeger','ykuphal@example.org','401-752-8453x40773','2010-06-18 18:32:33','2019-10-16 07:34:01'),(46,'Marcelle','Lang','rahsaan43@example.com','1-155-494-7777x886','2010-12-06 05:06:19','2019-08-22 17:30:21'),(47,'Halie','Johnston','jennings44@example.net','(345)792-2245x66673','2016-04-12 13:48:25','2019-10-30 16:33:21'),(48,'Ramona','Armstrong','amya.bauch@example.org','+94(9)7507269901','2013-10-11 23:25:12','2019-05-25 13:46:57'),(49,'Kamron','Ledner','buckridge.keshaun@example.com','690-881-7571','2019-11-14 01:02:13','2020-03-01 22:33:29'),(50,'Katelin','Mann','icie76@example.org','+56(3)1529659917','2018-07-19 02:15:18','2020-01-15 01:55:39'),(51,'Frida','Kulas','lo\'reilly@example.com','573-215-8548','2016-01-21 21:25:53','2019-03-23 08:24:25'),(52,'Jonathon','Langosh','juvenal.connelly@example.com','592.515.6325x8496','2011-06-10 20:09:54','2019-11-15 20:15:37'),(53,'Marion','Turcotte','tillman.windler@example.net','410.586.0118x8024','2010-05-15 21:52:03','2019-03-25 19:44:59'),(54,'Mertie','Ankunding','stillman@example.com','(987)339-2863x30391','2014-12-21 00:29:09','2019-05-26 17:22:42'),(55,'Austyn','Considine','deckow.tristian@example.net','768.307.7048x406','2018-08-09 12:52:01','2019-12-28 21:37:56'),(56,'Ottis','Bernier','hardy.jast@example.net','(737)184-2445x051','2014-07-04 01:22:20','2019-07-18 13:30:12'),(57,'Jodie','Wolf','gloria60@example.net','(931)260-7575','2018-11-13 14:41:15','2019-09-17 13:14:15'),(58,'Addie','Becker','vdouglas@example.com','148-009-1610','2016-09-12 18:17:46','2019-07-04 22:46:42'),(59,'Sherwood','Pollich','fmarquardt@example.net','351.957.7783x70488','2019-02-17 11:05:28','2019-07-06 22:31:12'),(60,'Laverne','Graham','reina.runolfsson@example.com','(059)312-4203x803','2011-08-11 05:39:38','2019-09-15 19:36:41'),(61,'Armando','McKenzie','jwiza@example.org','531.584.6513','2014-07-26 20:29:03','2019-10-31 08:14:50'),(62,'Donna','Daniel','lucy.crooks@example.net','1-609-171-3582x5391','2017-01-19 01:51:06','2020-01-21 03:02:59'),(63,'Asia','Feeney','runolfsdottir.madisyn@example.com','(590)498-8674x0451','2011-09-08 13:36:15','2019-12-24 02:07:54'),(64,'Addie','Jacobs','sbode@example.com','931-043-9672x5680','2014-07-21 05:06:04','2019-03-20 14:54:08'),(65,'Mark','Mayer','wroob@example.net','126.855.3607x6916','2017-09-10 09:41:54','2019-08-22 12:43:10'),(66,'Joana','McLaughlin','west.franz@example.org','054-127-1785x909','2017-08-08 13:51:07','2020-01-27 05:50:05'),(67,'Helene','Schultz','cfahey@example.net','473.910.3469','2011-03-10 12:53:29','2019-05-15 12:54:48'),(68,'Elisabeth','Tromp','damon.mante@example.com','015.940.6272','2014-11-26 01:25:33','2019-04-20 19:29:00'),(69,'Weldon','Feest','marks.napoleon@example.net','941-439-9476x727','2015-02-11 03:43:22','2019-12-09 05:58:32'),(70,'Gwen','Auer','tremayne.crona@example.com','1-153-063-2013x13306','2017-05-27 12:07:39','2019-08-07 18:43:56'),(71,'Hermina','Lemke','stacey.krajcik@example.org','165.782.3172x90814','2017-08-18 13:15:27','2019-04-11 23:14:43'),(72,'Lea','Quigley','garrison.corwin@example.com','1-044-984-8543x81832','2014-07-10 17:09:50','2019-12-07 14:22:06'),(73,'Cali','Shanahan','khermiston@example.com','463-689-7412x86981','2016-11-23 00:50:45','2019-07-21 06:53:14'),(74,'Adelbert','Carroll','durgan.alexandro@example.com','+48(7)3306878197','2016-11-23 16:35:22','2019-08-20 09:45:45'),(75,'Cory','Lemke','issac27@example.com','(438)138-3663','2012-04-11 00:13:20','2019-05-18 03:08:12'),(76,'Lenora','Kozey','julien.kuhlman@example.org','610-354-8500','2018-12-10 16:04:02','2020-01-08 00:47:11'),(77,'Wilfrid','Schimmel','crona.watson@example.org','(587)729-8312x1230','2019-11-01 00:20:56','2020-03-01 22:33:29'),(78,'Loyal','Beahan','verdie.hane@example.org','597-307-0227x49285','2010-07-07 22:20:00','2019-05-07 10:11:01'),(79,'Micah','Quigley','cnienow@example.com','443-931-0720x511','2017-09-10 13:31:54','2019-06-29 03:06:25'),(80,'Ila','Mosciski','madge15@example.org','792-559-3022','2010-10-04 07:01:46','2019-05-15 20:49:10'),(81,'Tyree','Morar','marcelle.morissette@example.org','(494)911-3995x50508','2013-02-27 00:20:32','2019-12-31 16:55:37'),(82,'Elissa','Nikolaus','kessler.pascale@example.com','022-413-8435x20545','2020-01-24 03:39:22','2020-03-01 22:33:29'),(83,'Bridie','Wyman','hortense62@example.org','(681)807-3637','2012-01-07 06:53:59','2019-07-31 16:33:24'),(84,'Floyd','Shanahan','cnitzsche@example.com','1-465-056-8072x951','2016-09-15 13:11:38','2019-11-08 22:20:55'),(85,'Jerrell','Crist','aurore.fisher@example.org','1-030-444-5463x9229','2019-11-15 22:50:49','2020-01-09 13:08:35'),(86,'Electa','Runolfsson','kassandra05@example.com','1-678-024-5970x598','2012-07-22 01:23:12','2019-07-29 04:54:22'),(87,'Norberto','Kling','keyon87@example.org','1-787-855-3672x802','2015-08-28 12:38:09','2019-09-15 20:16:59'),(88,'Jamie','Boyle','pwilderman@example.org','(546)907-6992x26476','2016-05-31 00:13:30','2019-09-29 21:50:09'),(89,'Hassan','Schimmel','eriberto65@example.com','(352)440-2409','2018-05-09 07:25:09','2019-08-29 21:56:31'),(90,'Jany','Rice','kpadberg@example.com','022-783-5352x647','2014-01-20 15:56:37','2019-04-26 20:34:55'),(91,'Earline','Stiedemann','catharine.rutherford@example.org','624.312.9353x5205','2013-03-31 19:25:34','2019-07-31 11:32:39'),(92,'Breanne','Fay','rgorczany@example.org','04442934287','2013-07-26 03:11:02','2019-06-10 12:37:47'),(93,'Hershel','Schulist','preichert@example.org','1-316-126-1638x04655','2019-04-24 16:00:59','2019-10-22 15:15:49'),(94,'Lindsey','Fay','ykerluke@example.net','956-946-0713x78838','2017-01-14 18:14:36','2019-09-02 11:48:38'),(95,'Jermaine','Green','lucas.russel@example.com','(543)012-3763','2015-02-10 23:28:31','2020-02-18 12:59:15'),(96,'Consuelo','Deckow','janelle.medhurst@example.net','(316)166-6372x6315','2015-10-19 20:48:08','2019-03-11 00:08:00'),(97,'Callie','Buckridge','devyn14@example.org','577-852-8494x1483','2012-01-07 19:14:05','2019-11-03 21:54:26'),(98,'Otho','Cronin','ohomenick@example.org','821-640-0486x81803','2010-09-19 11:50:57','2019-05-10 00:27:01'),(99,'Vena','Gerhold','xmoen@example.org','475.515.1636x4739','2015-10-26 17:23:42','2019-11-12 06:28:54'),(100,'Victor','Corwin','nitzsche.vivian@example.org','1-496-906-6460x6112','2017-08-19 19:15:44','2019-09-20 11:05:35');
/*!40000 ALTER TABLE `users` ENABLE KEYS */;
UNLOCK TABLES;
/*!40103 SET TIME_ZONE=@OLD_TIME_ZONE */;

/*!40101 SET SQL_MODE=@OLD_SQL_MODE */;
/*!40014 SET FOREIGN_KEY_CHECKS=@OLD_FOREIGN_KEY_CHECKS */;
/*!40014 SET UNIQUE_CHECKS=@OLD_UNIQUE_CHECKS */;
/*!40101 SET CHARACTER_SET_CLIENT=@OLD_CHARACTER_SET_CLIENT */;
/*!40101 SET CHARACTER_SET_RESULTS=@OLD_CHARACTER_SET_RESULTS */;
/*!40101 SET COLLATION_CONNECTION=@OLD_COLLATION_CONNECTION */;
/*!40111 SET SQL_NOTES=@OLD_SQL_NOTES */;

-- Dump completed on 2020-03-02  0:37:28
